maturity,days,strike,forward,moneyness,option_type,iv,volume,call_iv,put_iv,call_volume,put_volume
2608,65,992,996.4720144906795,0.9955121524481897,put,23.104096832639186,81.0,,23.104096832639186,0.0,81.0
2608,65,960,996.4720144906795,0.9633988572079255,put,23.99261325910426,189.0,,23.99261325910426,0.0,189.0
2608,65,920,996.4720144906795,0.9232572381575953,put,25.228127185424576,259.0,25.62953489899011,25.228127185424576,90.0,259.0
2608,65,912,996.4720144906795,0.9152289143475292,put,25.558909919955408,51.0,,25.558909919955408,0.0,51.0
2608,65,904,996.4720144906795,0.9072005905374632,put,25.434812722304596,97.0,,25.434812722304596,0.0,97.0
2608,65,888,996.4720144906795,0.8911439429173311,put,26.75711828640866,90.0,,26.75711828640866,0.0,90.0
2608,65,1000,996.4720144906795,1.0035404762582558,call,22.799189755094083,331.0,22.799189755094083,23.091214423356586,331.0,181.0
2608,65,1160,996.4720144906795,1.1641069524595766,call,25.027285080227884,170.0,25.027285080227884,,170.0,0.0
2608,65,1104,996.4720144906795,1.1079086857891143,call,23.001362181387993,256.0,23.001362181387993,,256.0,0.0
2608,65,1080,996.4720144906795,1.0838237143589162,call,22.56583090514471,474.0,22.56583090514471,,474.0,0.0
2608,65,1040,996.4720144906795,1.043682095308586,call,22.56460183532943,226.0,22.56460183532943,,226.0,0.0
2608,65,1008,996.4720144906795,1.0115688000683218,call,22.90849577818172,96.0,22.90849577818172,,96.0,0.0
