code,name,exchange,skew_25d,atm_iv,put_25d_iv,call_25d_iv,days
AU,黄金,SHFE,2.1976508874075122,20.86942026534525,23.14464747966411,20.946996592256596,61
AG,白银,SHFE,-0.6983873119060178,47.74725792135193,48.00191355350141,48.70030086540743,61
I,铁矿石,DCE,-0.7519862511620374,15.096932928724105,16.193066872543845,16.945053123705883,92
RB,螺纹钢,SHFE,-2.380809402157645,10.445339004289044,10.798126930194126,13.178936332351771,123
RU,天然橡胶,SHFE,-3.377623626459627,20.144953004758403,18.846437540621537,22.224061167081164,92
CU,铜,SHFE,-3.9358480510630542,18.185971018027743,18.16344356872577,22.099291619788826,61
JM,焦煤,DCE,-4.434974440952658,32.26870476783122,29.323976563579407,33.758951004532065,92
