code,name,exchange,atm_iv,days
AG,白银,SHFE,76.95640368476691,22
JM,焦煤,DCE,39.3934079621064,53
AU,黄金,SHFE,33.619060504860514,83
CU,铜,SHFE,26.874375896185143,53
RU,天然橡胶,SHFE,24.017982046895863,53
I,铁矿石,DCE,17.66411304278825,53
RB,螺纹钢,SHFE,14.528661281023538,114
