code,name,exchange,atm_iv,days
AG,白银,SHFE,78.91351887390113,84
JM,焦煤,DCE,42.07906008560388,54
AU,黄金,SHFE,30.16011507297224,84
CU,铜,SHFE,26.93436707817285,84
RU,天然橡胶,SHFE,22.10566637300882,54
I,铁矿石,DCE,21.34834937893753,84
RB,螺纹钢,SHFE,15.106384159484222,115
