code,name,exchange,atm_iv,days
AG,白银,SHFE,58.87653294048312,43
JM,焦煤,DCE,33.677918314051134,43
AU,黄金,SHFE,25.751830537466148,43
RU,天然橡胶,SHFE,20.452575124415286,135
CU,铜,SHFE,20.14458153014385,74
I,铁矿石,DCE,19.09311596206205,135
RB,螺纹钢,SHFE,11.279486012681414,74
