code,name,exchange,skew_25d,atm_iv,put_25d_iv,call_25d_iv,days
AU,黄金,SHFE,1.1730340146101739,27.38408950956648,28.577357110762573,27.4043230961524,97
I,铁矿石,DCE,0.5870108870424069,21.22434606823348,18.332027088133945,17.745016201091538,67
RU,天然橡胶,SHFE,-1.9992538408696987,22.112679782363863,20.37209790829449,22.371351749164187,128
AG,白银,SHFE,-2.012419732514367,55.662292123761645,55.60913629480553,57.6215560273199,36
JM,焦煤,DCE,-3.26855669834044,33.45450839089926,31.90136718957264,35.16992388791308,128
CU,铜,SHFE,-3.9521223332383784,21.131349560259288,21.03701879853256,24.98914113177094,67
RB,螺纹钢,SHFE,-5.4189984467175165,10.983150722196797,11.64919721192506,17.068195658642576,67
