code,name,exchange,atm_iv,days
AG,白银,SHFE,62.694052215374576,69
JM,焦煤,DCE,40.607716325874165,69
AU,黄金,SHFE,25.710752243495083,69
CU,铜,SHFE,25.002050833426097,69
I,铁矿石,DCE,24.768811706777612,100
RU,天然橡胶,SHFE,23.30828606277805,39
RB,螺纹钢,SHFE,14.15649328606738,100
