code,name,exchange,skew_25d,atm_iv,put_25d_iv,call_25d_iv,days
AG,白银,SHFE,2.052835386638577,46.05143133291171,47.74896681396385,45.69613142732527,40
AU,黄金,SHFE,1.9145167893296708,24.41384532062487,25.71759773489842,23.803080945568748,102
I,铁矿石,DCE,-0.760549973817259,14.797541631874829,16.533856637499014,17.294406611316273,71
RB,螺纹钢,SHFE,-1.4576309537399563,10.50900185588346,11.707175645056283,13.16480659879624,102
CU,铜,SHFE,-1.7391393838702704,17.837134791395624,19.652476597398586,21.391615981268856,71
JM,焦煤,DCE,-2.4904901030049054,30.541202621020936,29.69806029874167,32.188550401746575,71
RU,天然橡胶,SHFE,-2.8552033627568214,23.392326938281983,22.52105941401198,25.3762627767688,71
