code,name,exchange,skew_25d,atm_iv,put_25d_iv,call_25d_iv,days
AU,黄金,SHFE,3.252012254827921,24.46710188570902,26.5498144114486,23.29780215662068,96
CU,铜,SHFE,-0.584028667043416,18.311140393968365,19.607580874151548,20.191609541194964,65
I,铁矿石,DCE,-0.6825565817901449,15.93793056262589,17.03962047915035,17.722177060940496,65
RB,螺纹钢,SHFE,-1.5333004921579185,10.49728438079056,11.530796411038102,13.06409690319602,96
AG,白银,SHFE,-1.5586281810675118,46.83838970671392,44.381364234342286,45.9399924154098,96
JM,焦煤,DCE,-2.5551090372083074,29.57860655185688,29.171651898171863,31.72676093538017,65
RU,天然橡胶,SHFE,-3.7210977077823593,23.11576476738493,22.090982904384685,25.812080612167044,65
