code,name,exchange,atm_iv,days
AG,白银,SHFE,52.34475586437225,66
JM,焦煤,DCE,24.698571842933216,97
AU,黄金,SHFE,22.59331282048055,66
CU,铜,SHFE,22.277905991600434,97
RU,天然橡胶,SHFE,19.82203473244393,97
I,铁矿石,DCE,14.788243819711756,97
RB,螺纹钢,SHFE,10.16104118251105,128
