code,name,exchange,atm_iv,days
AG,白银,SHFE,45.02178043402751,116
JM,焦煤,DCE,30.37535009573082,85
AU,黄金,SHFE,24.6382866269993,116
RU,天然橡胶,SHFE,21.21441917216295,85
CU,铜,SHFE,19.347168336487897,85
I,铁矿石,DCE,15.180731998833233,85
RB,螺纹钢,SHFE,10.822014004787937,116
