code,name,exchange,atm_iv,days
AG,白银,SHFE,48.290803684308734,29
JM,焦煤,DCE,32.6726987093304,121
AU,黄金,SHFE,26.42251146529473,90
RU,天然橡胶,SHFE,21.623417212122742,121
CU,铜,SHFE,20.900361995788845,90
I,铁矿石,DCE,12.276255487557012,60
RB,螺纹钢,SHFE,10.015541553664562,60
