code,name,exchange,skew_25d,atm_iv,put_25d_iv,call_25d_iv,days
AU,黄金,SHFE,5.560644361021879,39.60223348184295,41.6235396371972,36.06289527617532,63
CU,铜,SHFE,0.15146174126912015,26.855578035267108,27.22664223968242,27.0751804984133,94
AG,白银,SHFE,-1.1097115188144215,74.34617709059596,72.54720571456969,73.6569172333841,63
RB,螺纹钢,SHFE,-1.3367844781562077,15.106269149012045,17.2192422312654,18.55602670942161,94
I,铁矿石,DCE,-1.3390742353551879,20.7870293918143,21.158733686491647,22.497807921846835,94
RU,天然橡胶,SHFE,-8.846277255353527,22.51223210501467,23.218123217022345,32.06440047237587,33
JM,焦煤,DCE,-9.838013512496033,57.88742625866674,52.79722964447223,62.635243156968265,63
