code,name,exchange,atm_iv,days
AG,白银,SHFE,72.30738615876653,54
JM,焦煤,DCE,39.14825895825697,54
AU,黄金,SHFE,34.614637514200666,54
CU,铜,SHFE,24.335567510902383,54
RU,天然橡胶,SHFE,21.75265033983329,146
I,铁矿石,DCE,19.65621284396515,85
RB,螺纹钢,SHFE,11.400619072825222,85
