code,name,exchange,skew_25d,atm_iv,put_25d_iv,call_25d_iv,days
AG,白银,SHFE,3.553127393765621,74.78236200371629,78.33548939748191,74.78236200371629,58
I,铁矿石,DCE,2.669455240725526,19.7072978590304,20.068776245752755,17.39932100502723,88
RB,螺纹钢,SHFE,-1.834836427354725,14.865540526467475,15.686006985833393,17.520843413188118,119
CU,铜,SHFE,-3.7640554901396506,26.46335718004024,26.46335718004024,30.22741267017989,88
RU,天然橡胶,SHFE,-3.8468479082392335,22.767333106608582,21.92320259531916,25.770050503558394,58
AU,黄金,SHFE,-4.03180718968224,27.993618291169213,27.05498833548689,31.08679552516913,88
JM,焦煤,DCE,-4.794268806441657,35.60332980200512,33.399928127432126,38.19419693387378,58
