code,name,exchange,skew_25d,atm_iv,put_25d_iv,call_25d_iv,days
AU,黄金,SHFE,2.289235826119633,27.408101136090927,30.616573661959244,28.32733783583961,46
I,铁矿石,DCE,1.0680995260245254,18.709459040617613,19.324426508366045,18.25632698234152,77
AG,白银,SHFE,-0.5893613776704925,61.855737333767145,61.855737333767145,62.44509871143764,107
CU,铜,SHFE,-0.6894538445209122,17.75325789593346,20.10267539852217,20.79212924304308,46
RB,螺纹钢,SHFE,-1.9937215126017058,11.326734232597255,12.762465680831948,14.756187193433654,77
RU,天然橡胶,SHFE,-2.308323746782797,19.35332460784355,19.580553824635363,21.88887757141816,138
JM,焦煤,DCE,-5.858354046086909,35.58068488890053,34.41929931647518,40.27765336256209,46
