code,name,exchange,skew_25d,atm_iv,put_25d_iv,call_25d_iv,days
I,铁矿石,DCE,3.8901786022100016,12.276255487557012,19.09847057297432,15.20829197076432,60
AU,黄金,SHFE,0.6358054375473721,26.42251146529473,26.865642639506493,26.22983720195912,90
AG,白银,SHFE,0.3762161210318311,48.290803684308734,49.82154301900516,49.44532689797333,29
CU,铜,SHFE,0.2440804386556401,20.900361995788845,21.144442434444485,20.900361995788845,90
JM,焦煤,DCE,-1.449420600428489,32.6726987093304,32.137209357049706,33.586629957478195,121
RU,天然橡胶,SHFE,-2.637780341085609,21.623417212122742,21.00171874457447,23.63949908566008,121
RB,螺纹钢,SHFE,-4.64250877434098,10.015541553664562,11.237161865702024,15.879670640043004,60
