code,name,exchange,skew_25d,atm_iv,put_25d_iv,call_25d_iv,days
I,铁矿石,DCE,4.821103882289153,12.870418511145804,18.304368146595067,13.483264264305914,64
AU,黄金,SHFE,3.079662676611804,23.76450624480141,27.77586947606656,24.696206799454757,33
AG,白银,SHFE,-1.7642786060974274,51.005135135146354,50.67925569007744,52.44353429617487,33
RU,天然橡胶,SHFE,-2.3277115689464516,21.899691596272287,20.787821855287813,23.115533424234265,125
JM,焦煤,DCE,-3.5059558034416263,33.27756210698124,31.617926774598605,35.12388257804023,125
CU,铜,SHFE,-3.8644242709853422,20.713701389789545,20.199748566982198,24.06417283796754,64
RB,螺纹钢,SHFE,-4.183136399354478,10.458890801874643,11.743933061857811,15.92706946121229,64
