code,name,exchange,skew_25d,atm_iv,put_25d_iv,call_25d_iv,days
AU,黄金,SHFE,1.8284407769798108,33.51763544031302,35.326216251518105,33.497775474538294,109
CU,铜,SHFE,1.1973833675916303,21.65381401828664,21.942298972190912,20.74491560459928,79
RB,螺纹钢,SHFE,-0.002541615675887954,11.696812216905784,14.937844151229395,14.940385766905283,79
AG,白银,SHFE,-0.9348403053604173,63.16929631776874,62.5910960919898,63.525936397350215,48
RU,天然橡胶,SHFE,-1.8754977934070176,19.59322953319578,19.227859300414497,21.103357093821515,140
I,铁矿石,DCE,-2.5188715356591587,18.79076008609814,20.09559324292444,22.6144647785836,79
JM,焦煤,DCE,-7.661071210888139,38.94313055282018,34.262300887911714,41.92337209879985,48
