code,name,exchange,skew_25d,atm_iv,put_25d_iv,call_25d_iv,days
I,铁矿石,DCE,1.9773358968166583,17.768258790235397,18.87024279095792,16.892906894141262,105
AU,黄金,SHFE,0.5192946935693321,24.842467015346703,25.629751673788704,25.11045698021937,74
AG,白银,SHFE,-1.2343573446767095,58.30042319481743,58.78250767300649,60.0168650176832,74
RB,螺纹钢,SHFE,-3.1770730092085024,9.395176132298102,11.872459525903109,15.049532535111611,44
RU,天然橡胶,SHFE,-4.255096475787127,20.16966824285208,20.491344516918076,24.746440992705203,105
JM,焦煤,DCE,-5.409833980527683,28.1605077247861,25.91286665199793,31.322700632525613,105
CU,铜,SHFE,-5.778410149237704,24.876733244418094,22.58816079012859,28.366570939366294,74
