code,name,exchange,atm_iv,days
AG,白银,SHFE,92.29862188677107,30
JM,焦煤,DCE,39.63133383724154,61
AU,黄金,SHFE,33.74275832032372,91
RU,天然橡胶,SHFE,28.870424724093716,61
CU,铜,SHFE,27.938590316682102,61
I,铁矿石,DCE,17.944325226082515,61
RB,螺纹钢,SHFE,13.96111105195135,61
