code,name,exchange,atm_iv,days
AG,白银,SHFE,48.22352527213336,60
JM,焦煤,DCE,30.751232681759223,91
AU,黄金,SHFE,21.018692667853845,60
RU,天然橡胶,SHFE,20.506100368091737,91
CU,铜,SHFE,17.93879279369684,60
I,铁矿石,DCE,14.600561864748707,91
RB,螺纹钢,SHFE,10.697523003393,122
