code,name,exchange,atm_iv,days
AG,白银,SHFE,71.37100629824968,53
JM,焦煤,DCE,38.06434007686766,53
AU,黄金,SHFE,34.017410452925134,53
CU,铜,SHFE,22.058170474974062,53
I,铁矿石,DCE,21.24720599518968,84
RU,天然橡胶,SHFE,20.393253294619942,145
RB,螺纹钢,SHFE,12.2139629937023,84
