code,name,exchange,skew_25d,atm_iv,put_25d_iv,call_25d_iv,days
AU,黄金,SHFE,2.910878435407401,30.42705951226605,32.23153433197069,29.32065589656329,68
CU,铜,SHFE,2.718017815643119,28.491926545792374,30.45107483094929,27.73305701530617,68
AG,白银,SHFE,0.2007995304762744,68.63614434065045,69.41732371492822,69.21652418445194,68
I,铁矿石,DCE,-0.3592638840577038,24.181872147299824,21.92021858059932,22.279482464657026,68
RB,螺纹钢,SHFE,-0.8223416082059387,14.373590985687306,14.94506077935767,15.767402387563608,99
RU,天然橡胶,SHFE,-3.79828744633987,20.458354343139813,22.67034482851652,26.46863227485639,38
JM,焦煤,DCE,-7.419498453308002,42.369391560073325,38.17244396652039,45.59194241982839,68
