code,name,exchange,atm_iv,days
AG,白银,SHFE,45.24943429928751,73
AU,黄金,SHFE,25.353691460533835,73
JM,焦煤,DCE,23.82671302605463,42
RU,天然橡胶,SHFE,17.915471184605675,42
CU,铜,SHFE,16.180482905628185,73
I,铁矿石,DCE,15.17958534986976,73
RB,螺纹钢,SHFE,9.996553230108418,73
