code,name,exchange,atm_iv,days
AG,白银,SHFE,61.855737333767145,107
JM,焦煤,DCE,35.58068488890053,46
AU,黄金,SHFE,27.408101136090927,46
RU,天然橡胶,SHFE,19.35332460784355,138
I,铁矿石,DCE,18.709459040617613,77
CU,铜,SHFE,17.75325789593346,46
RB,螺纹钢,SHFE,11.326734232597255,77
