code,name,exchange,atm_iv,days
AG,白银,SHFE,48.68023324392779,80
JM,焦煤,DCE,30.790075973230564,111
AU,黄金,SHFE,25.29531128243957,80
RU,天然橡胶,SHFE,23.33483296877239,111
CU,铜,SHFE,18.87493826791636,50
I,铁矿石,DCE,17.769887176882516,111
RB,螺纹钢,SHFE,12.339690010822595,50
