code,name,exchange,skew_25d,atm_iv,put_25d_iv,call_25d_iv,days
AU,黄金,SHFE,2.159229083560369,25.911209341643453,27.57031138413678,25.41108230057641,89
AG,白银,SHFE,1.8959195340898418,47.25751523357025,49.23038444316396,47.33446490907412,89
I,铁矿石,DCE,1.5611379582472118,15.663512827106238,17.67617502622711,16.115037067979898,89
CU,铜,SHFE,0.8312141028125914,19.17941019230557,20.55341633949004,19.72220223667745,89
RB,螺纹钢,SHFE,-1.951554186034425,10.298643460881268,11.305933872274297,13.257488058308722,89
JM,焦煤,DCE,-2.4185512720263027,29.241026812714036,29.114291366840984,31.532842638867287,58
RU,天然橡胶,SHFE,-2.6941329381559598,20.892461524335022,20.184698207265217,22.878831145421177,58
