code,name,exchange,atm_iv,days
AG,白银,SHFE,49.169137736002256,62
JM,焦煤,DCE,44.407840244949504,93
AU,黄金,SHFE,22.08047899753961,62
CU,铜,SHFE,20.87738081616569,62
RU,天然橡胶,SHFE,20.134821150681024,93
I,铁矿石,DCE,15.427005592951843,93
RB,螺纹钢,SHFE,11.05337477141992,124
