code,name,exchange,skew_25d,atm_iv,put_25d_iv,call_25d_iv,days
AG,白银,SHFE,-0.7628089888706455,76.95640368476691,77.74802600441174,78.51083499328239,22
I,铁矿石,DCE,-0.8281929366430099,17.66411304278825,20.46660566505512,21.29479860169813,53
RB,螺纹钢,SHFE,-2.9638833359646917,14.528661281023538,14.501977138101676,17.465860474066368,114
CU,铜,SHFE,-3.8664838886254174,26.874375896185143,26.580704162148184,30.4471880507736,53
AU,黄金,SHFE,-5.301240425143369,33.619060504860514,30.565329149618925,35.866569574762295,83
RU,天然橡胶,SHFE,-6.831439623345499,24.017982046895863,21.95925182483707,28.79069144818257,53
JM,焦煤,DCE,-9.474715371549763,39.3934079621064,34.60388843054783,44.0786038020976,53
