code,name,exchange,skew_25d,atm_iv,put_25d_iv,call_25d_iv,days
I,铁矿石,DCE,2.1241168740886636,15.686189506433248,17.812876316156196,15.688759442067532,82
AU,黄金,SHFE,1.551364921037468,24.118097130112755,25.6031279361888,24.05176301515133,82
CU,铜,SHFE,0.142618831181327,17.668237753741884,19.19928893325159,19.056670102070264,82
AG,白银,SHFE,-0.9611156640531462,45.67294223181736,45.68007795280115,46.641193616854295,82
JM,焦煤,DCE,-0.9723415280038132,27.55830411784564,29.046607297317312,30.018948825321125,51
RB,螺纹钢,SHFE,-1.7649313804651499,9.424202999188685,12.077725813932409,13.842657194397558,82
RU,天然橡胶,SHFE,-2.3844430262737895,19.23442205571414,20.31249807118965,22.69694109746344,51
