code,name,exchange,skew_25d,atm_iv,put_25d_iv,call_25d_iv,days
AU,黄金,SHFE,2.895471226653836,23.773711118100987,26.27152320681224,23.376051980158405,68
I,铁矿石,DCE,2.029763498675905,16.116463969315063,17.400885040139332,15.371121541463427,99
AG,白银,SHFE,-1.318605058548684,53.44597992451248,53.31972154821063,54.638326606759314,68
RB,螺纹钢,SHFE,-2.4679542334753872,10.722148146955972,10.48290312647514,12.950857359950527,130
CU,铜,SHFE,-2.836849958264274,25.22250677647135,22.385656818207075,25.22250677647135,99
RU,天然橡胶,SHFE,-3.720260480859526,20.299823236985265,18.917323506456604,22.63758398731613,99
JM,焦煤,DCE,-4.104014474546055,24.94982025551441,23.166132529365,27.270147003911056,99
