code,name,exchange,skew_25d,atm_iv,put_25d_iv,call_25d_iv,days
AG,白银,SHFE,4.308998590256209,81.95596559348067,85.76425345128918,81.45525486103297,64
AU,黄金,SHFE,1.35242441733498,41.82054643338036,42.97233507957626,41.61991066224128,64
CU,铜,SHFE,1.2513544219435495,28.131979773639355,29.138913771518908,27.88755934957536,64
I,铁矿石,DCE,-2.018695412430361,21.173268665424217,21.3056587533227,23.32435416575306,95
JM,焦煤,DCE,-4.107979824903268,59.84447365719622,61.10693398103862,65.21491380594189,64
RB,螺纹钢,SHFE,-4.791917536593335,16.751055665047552,16.152432857590586,20.94435039418392,95
RU,天然橡胶,SHFE,-10.452505580827626,27.899545137591712,24.3525749604862,34.80508054131383,34
