code,name,exchange,atm_iv,days
AG,白银,SHFE,46.89051694203803,109
JM,焦煤,DCE,30.67093401991055,78
AU,黄金,SHFE,24.14272333120534,47
RU,天然橡胶,SHFE,20.944330821450347,78
CU,铜,SHFE,18.06985186284413,78
I,铁矿石,DCE,14.783090138356828,78
RB,螺纹钢,SHFE,11.285485587519029,109
