code,name,exchange,skew_25d,atm_iv,put_25d_iv,call_25d_iv,days
RB,螺纹钢,SHFE,6.536027724364029,13.62792720779223,22.292698532574352,15.756670808210323,91
AU,黄金,SHFE,4.186863197649117,33.28471567628829,36.60673854368317,32.419875346034054,60
AG,白银,SHFE,1.5570164819154257,68.46707415939423,69.53117428845496,67.97415780653954,60
CU,铜,SHFE,0.6842287629000872,23.471383050974776,25.20307882764178,24.51885006474169,60
I,铁矿石,DCE,-0.4313963963521381,23.14869592510041,22.61146435247404,23.04286074882618,91
RU,天然橡胶,SHFE,-6.738212172553041,21.76693732074789,22.760389015250084,29.498601187803125,30
JM,焦煤,DCE,-10.768112347267518,46.7419218327634,40.92342032483775,51.69153267210527,60
