code,name,exchange,atm_iv,days
AG,白银,SHFE,51.440589288078485,32
JM,焦煤,DCE,32.54389111889315,124
AU,黄金,SHFE,27.855204878610955,93
RU,天然橡胶,SHFE,22.14551836975568,124
CU,铜,SHFE,20.546102011827667,63
I,铁矿石,DCE,13.272389799070275,63
RB,螺纹钢,SHFE,10.766489660684844,63
