code,name,exchange,skew_25d,atm_iv,put_25d_iv,call_25d_iv,days
AU,黄金,SHFE,3.657306177424296,34.614637514200666,37.356283654182405,33.69897747675811,54
CU,铜,SHFE,2.3383241224989213,24.335567510902383,25.47064640993992,23.132322287441,54
AG,白银,SHFE,-0.14498389991769045,72.30738615876653,72.21319590130271,72.3581798012204,54
I,铁矿石,DCE,-0.561669674787705,19.65621284396515,20.900855170595374,21.46252484538308,85
RB,螺纹钢,SHFE,-1.1793829752759386,11.400619072825222,14.737755022235277,15.917137997511215,85
RU,天然橡胶,SHFE,-3.720561610608396,21.75265033983329,20.23805917973357,23.958620790341964,146
JM,焦煤,DCE,-8.170209238209324,39.14825895825697,35.580453060953474,43.7506622991628,54
