code,name,exchange,atm_iv,days
AG,白银,SHFE,45.717917067192936,113
JM,焦煤,DCE,33.00347521848446,82
AU,黄金,SHFE,23.099727467466018,51
RU,天然橡胶,SHFE,20.68745504375578,82
CU,铜,SHFE,20.11530130119382,82
I,铁矿石,DCE,14.422489897275936,82
RB,螺纹钢,SHFE,10.526834258318193,113
