code,name,exchange,skew_25d,atm_iv,put_25d_iv,call_25d_iv,days
AU,黄金,SHFE,3.363174520301527,23.53713619486162,26.205203106014206,22.84202858571268,59
AG,白银,SHFE,-0.30980927280426585,48.05949484788303,48.67578229144157,48.98559156424584,59
I,铁矿石,DCE,-0.47372307412648595,15.017663947991586,15.914736491636166,16.388459565762652,90
CU,铜,SHFE,-0.7225309535721287,18.010635763460275,18.50081594443785,19.22334689800998,90
RB,螺纹钢,SHFE,-1.2882420281800613,10.943761448453271,11.164274142901483,12.452516171081545,121
RU,天然橡胶,SHFE,-3.257283178873049,20.645928485473423,19.780207528304512,23.03749070717756,90
JM,焦煤,DCE,-4.11707889818036,27.848566764793453,26.8704977948254,30.98757669300576,90
