code,name,exchange,skew_25d,atm_iv,put_25d_iv,call_25d_iv,days
AU,黄金,SHFE,2.16713265663077,25.50787483170191,27.044753914413445,24.877621257782675,72
AG,白银,SHFE,1.2152273222955614,45.62521631936672,46.34634035823103,45.13111303593547,72
RU,天然橡胶,SHFE,0.583350882567796,17.680706476153937,20.817379021034323,20.234028138466527,41
CU,铜,SHFE,0.3082617966668195,16.60072765916962,18.42874657825216,18.12048478158534,72
JM,焦煤,DCE,0.15569096550185435,23.82671302605463,25.584471427294936,25.42878046179308,42
I,铁矿石,DCE,-0.11232715958364281,15.17958534986976,16.703574163437754,16.815901323021397,73
RB,螺纹钢,SHFE,-1.6064611557320294,9.605934229350794,11.699299497235709,13.305760652967738,72
