code,name,exchange,skew_25d,atm_iv,put_25d_iv,call_25d_iv,days
AG,白银,SHFE,3.441021526929383,52.80900708415008,55.19899195963108,51.7579704327017,76
AU,黄金,SHFE,2.110597972869215,25.24574606357129,27.430256177457167,25.319658204587952,76
I,铁矿石,DCE,1.8562906517146125,18.44087900429973,18.842783939732648,16.986493288018035,107
RB,螺纹钢,SHFE,-1.3358222292830622,10.788520229437136,13.396110438895956,14.731932668179018,46
RU,天然橡胶,SHFE,-3.5662033291994497,22.52936597240702,20.57850909288405,24.1447124220835,107
JM,焦煤,DCE,-4.245026686763239,30.21324208515609,28.0176210707684,32.26264775753164,107
CU,铜,SHFE,-4.334223424679909,20.916442036042245,20.107489129568933,24.44171255424884,76
