code,name,exchange,atm_iv,days
AG,白银,SHFE,47.22895749903715,108
JM,焦煤,DCE,32.14061282099533,77
AU,黄金,SHFE,26.251883259689382,108
RU,天然橡胶,SHFE,20.50627382434276,77
CU,铜,SHFE,19.26536908100463,77
I,铁矿石,DCE,14.652472422713068,77
RB,螺纹钢,SHFE,10.917480765741294,108
