code,name,exchange,skew_25d,atm_iv,put_25d_iv,call_25d_iv,days
I,铁矿石,DCE,1.6476913867960192,17.610175512525487,18.770062395738037,17.122371008942018,66
AU,黄金,SHFE,0.9477767848223166,28.98255461686208,28.98255461686208,28.03477783203976,96
AG,白银,SHFE,-0.5391153974473397,57.01226611585189,56.76077502371301,57.29989042116035,96
RU,天然橡胶,SHFE,-2.4881182108864124,22.349753037274404,20.35478961941024,22.842907830296653,127
JM,焦煤,DCE,-3.911886739934708,33.657927317514776,31.156126886650902,35.06801362658561,127
CU,铜,SHFE,-4.112770510808794,21.18903514252406,19.769113551531216,23.88188406234001,66
RB,螺纹钢,SHFE,-4.728951990487015,10.698907864545903,11.14426693462086,15.873218925107876,66
