code,name,exchange,skew_25d,atm_iv,put_25d_iv,call_25d_iv,days
AU,黄金,SHFE,1.8253328178795556,24.46026873968167,25.918422503263084,24.09308968538353,78
CU,铜,SHFE,0.6484990206692096,16.494000613976382,18.29448187800427,17.64598285733506,78
AG,白银,SHFE,0.25672226785812313,44.94014969939026,45.4145923961588,45.15787012830068,78
RB,螺纹钢,SHFE,-0.47729651038676124,9.821118773467386,12.258498883864934,12.735795394251696,78
RU,天然橡胶,SHFE,-0.544425336605137,18.22225520073464,20.082335129790263,20.6267604663954,47
JM,焦煤,DCE,-0.5510710734438931,25.298423898641403,25.732982146105037,26.28405321954893,47
I,铁矿石,DCE,-1.0907331491758008,16.171132373409236,16.16334870239101,17.25408185156681,78
