code,name,exchange,skew_25d,atm_iv,put_25d_iv,call_25d_iv,days
AU,黄金,SHFE,4.0356250104477525,34.43311727706862,37.404587269622745,33.36896225917499,61
AG,白银,SHFE,3.3335094206925646,69.17074405028661,70.73307569460952,67.39956627391696,61
CU,铜,SHFE,2.102731358959641,23.12589787892977,25.854036215030035,23.751304856070394,61
I,铁矿石,DCE,-0.48011436136131636,22.613287062026373,22.613287062026373,23.09340142338769,92
RB,螺纹钢,SHFE,-3.0641024346041377,14.52384657012645,15.043618224422858,18.107720659026995,92
RU,天然橡胶,SHFE,-7.361206497606542,23.523670065654308,21.44595435122072,28.807160848827262,31
JM,焦煤,DCE,-10.675733956595387,46.8404844048086,41.455525367232376,52.13125932382776,61
