code,name,exchange,skew_25d,atm_iv,put_25d_iv,call_25d_iv,days
AU,黄金,SHFE,1.8627722226880792,23.868062840346287,25.722295661595584,23.859523438907505,81
CU,铜,SHFE,0.729964870707331,17.17939528158049,18.71601249551421,17.98604762480688,81
AG,白银,SHFE,0.04400092653866494,44.85320339199495,45.266142789867686,45.22214186332902,81
I,铁矿石,DCE,-0.1365406035980179,14.6840200495954,16.761036985459487,16.897577589057505,81
JM,焦煤,DCE,-0.5267673682238758,27.348113148156468,27.949834877756125,28.47660224598,50
RU,天然橡胶,SHFE,-1.9853964962007709,18.8406333342238,20.00415827691499,21.98955477311576,50
RB,螺纹钢,SHFE,-2.1655530463133417,9.265862577655238,11.783055071955108,13.94860811826845,81
