code,name,exchange,atm_iv,days
AG,白银,SHFE,78.14988009326082,28
JM,焦煤,DCE,34.584121240669326,59
AU,黄金,SHFE,29.940072449735045,89
CU,铜,SHFE,27.615043679865117,59
RU,天然橡胶,SHFE,22.78129618385336,59
I,铁矿石,DCE,16.74703082150438,59
RB,螺纹钢,SHFE,13.369163393355532,59
