code,name,exchange,atm_iv,days
AG,白银,SHFE,50.33354293264956,65
JM,焦煤,DCE,25.87651504897278,96
AU,黄金,SHFE,22.799189755094083,65
CU,铜,SHFE,20.90168588027632,65
RU,天然橡胶,SHFE,20.15735553888158,96
I,铁矿石,DCE,14.65553155656369,96
RB,螺纹钢,SHFE,9.84920327596038,127
