code,name,exchange,skew_25d,atm_iv,put_25d_iv,call_25d_iv,days
AU,黄金,SHFE,2.913594225798086,23.099727467466018,25.64905474363028,22.735460517832195,51
I,铁矿石,DCE,-0.49855523968860105,14.422489897275936,15.929850949542908,16.42840618923151,82
CU,铜,SHFE,-1.8426563055200482,20.11530130119382,18.6939698168718,20.536626122391848,82
RU,天然橡胶,SHFE,-1.9106755094452552,20.68745504375578,20.10901240540772,22.019687914852977,82
AG,白银,SHFE,-2.0840302439189173,45.717917067192936,45.616787227856,47.70081747177492,113
RB,螺纹钢,SHFE,-2.3846830829676176,10.526834258318193,10.84440370918321,13.229086792150827,113
JM,焦煤,DCE,-2.461842780471187,33.00347521848446,33.68887735253697,36.15072013300816,82
