code,name,exchange,atm_iv,days
AG,白银,SHFE,48.05949484788303,59
JM,焦煤,DCE,27.848566764793453,90
AU,黄金,SHFE,23.53713619486162,59
RU,天然橡胶,SHFE,20.645928485473423,90
CU,铜,SHFE,18.010635763460275,90
I,铁矿石,DCE,15.017663947991586,90
RB,螺纹钢,SHFE,10.943761448453271,121
