code,name,exchange,skew_25d,atm_iv,put_25d_iv,call_25d_iv,days
RB,螺纹钢,SHFE,2.4886472767042918,14.151098131661715,19.64346640220203,17.15481912549774,101
AU,黄金,SHFE,-1.1044427446909602,26.66314701540325,27.48349838644944,28.5879411311404,70
I,铁矿石,DCE,-1.5650715728492344,23.882123682474692,22.708338225605598,24.273409798454832,70
AG,白银,SHFE,-1.7432246455066718,66.5843108965398,65.20981945947179,66.95304410497846,70
CU,铜,SHFE,-5.395107858929947,25.45222230997637,24.76837757929578,30.163485438225727,70
RU,天然橡胶,SHFE,-7.861660648590441,25.60704487209232,23.94310261062513,31.80476325921557,40
JM,焦煤,DCE,-9.246903584660465,44.98316441672862,39.92405315217153,49.170956736832,40
