code,name,exchange,skew_25d,atm_iv,put_25d_iv,call_25d_iv,days
I,铁矿石,DCE,2.2470864426828605,17.397619105810254,18.65890250889893,16.41181606621607,104
AU,黄金,SHFE,1.0738423480537804,25.212944628367023,26.20393685772274,25.13009450966896,73
AG,白银,SHFE,-1.9586900100931217,58.46921542826888,57.88168694199183,59.84037695208495,73
RB,螺纹钢,SHFE,-2.5058201316357867,11.443556833103653,11.553617268618115,14.059437400253902,135
RU,天然橡胶,SHFE,-3.9277370259599813,21.143046241535544,19.410692475494777,23.33842950145476,104
JM,焦煤,DCE,-5.1491281199046135,26.779966816061613,24.36009110597709,29.509219225881704,104
CU,铜,SHFE,-5.208731038400579,23.74652797135445,21.26675890711943,26.47548994552001,73
