code,name,exchange,atm_iv,days
AG,白银,SHFE,54.32602793253311,69
JM,焦煤,DCE,25.894820969570425,100
AU,黄金,SHFE,25.52696034322369,69
RU,天然橡胶,SHFE,20.76785878025485,100
CU,铜,SHFE,20.078297213554347,69
I,铁矿石,DCE,16.018899664650217,100
RB,螺纹钢,SHFE,10.538191434860114,131
