code,name,exchange,atm_iv,days
AG,白银,SHFE,46.84687009580738,86
JM,焦煤,DCE,27.399762199188025,55
AU,黄金,SHFE,25.996755601732712,86
RU,天然橡胶,SHFE,19.84424499008937,55
I,铁矿石,DCE,19.702238459478878,86
CU,铜,SHFE,18.842989548419972,86
RB,螺纹钢,SHFE,9.17716383340265,86
