code,name,exchange,skew_25d,atm_iv,put_25d_iv,call_25d_iv,days
AG,白银,SHFE,6.702345623819113,78.91351887390113,81.73637972848792,75.0340341046688,84
I,铁矿石,DCE,-0.8281929366430099,17.66411304278825,20.46660566505512,21.29479860169813,53
RB,螺纹钢,SHFE,-2.690242460724594,15.106384159484223,15.030577359166625,17.72081981989122,115
AU,黄金,SHFE,-4.699774149924487,30.16011507297224,28.64125543590596,33.34102958583045,84
RU,天然橡胶,SHFE,-4.984991884264609,22.10566637300882,21.9085688923068,26.89356077657141,54
CU,铜,SHFE,-6.7693942983294555,26.93436707817285,24.671178502314763,31.44057280064422,84
JM,焦煤,DCE,-9.474715371549763,39.3934079621064,34.60388843054783,44.0786038020976,53
