code,name,exchange,atm_iv,days
AG,白银,SHFE,53.44597992451248,68
CU,铜,SHFE,25.22250677647135,99
JM,焦煤,DCE,24.94982025551441,99
AU,黄金,SHFE,23.773711118100987,68
RU,天然橡胶,SHFE,20.299823236985265,99
I,铁矿石,DCE,16.116463969315063,99
RB,螺纹钢,SHFE,10.722148146955972,130
