code,name,exchange,atm_iv,days
AG,白银,SHFE,47.74725792135193,61
JM,焦煤,DCE,32.26870476783122,92
AU,黄金,SHFE,20.86942026534525,61
RU,天然橡胶,SHFE,20.144953004758403,92
CU,铜,SHFE,18.185971018027743,61
I,铁矿石,DCE,15.096932928724105,92
RB,螺纹钢,SHFE,10.445339004289044,123
