code,name,exchange,atm_iv,days
AG,白银,SHFE,44.94014969939026,78
JM,焦煤,DCE,25.29842389864135,47
AU,黄金,SHFE,24.46026873968167,78
RU,天然橡胶,SHFE,18.222255200734686,47
CU,铜,SHFE,16.494000613976382,78
I,铁矿石,DCE,16.171132373409236,78
RB,螺纹钢,SHFE,9.821118773467386,78
