code,name,exchange,atm_iv,days
AG,白银,SHFE,49.26824964181014,89
JM,焦煤,DCE,30.84055914562338,120
AU,黄金,SHFE,25.401543668115167,89
RU,天然橡胶,SHFE,21.96994291098651,120
CU,铜,SHFE,19.51750119782745,89
I,铁矿石,DCE,15.494640423299932,120
RB,螺纹钢,SHFE,10.175954325484778,59
