code,name,exchange,atm_iv,days
AG,白银,SHFE,56.36604966513696,42
JM,焦煤,DCE,30.04968007847726,42
AU,黄金,SHFE,29.18090664691696,103
CU,铜,SHFE,21.09120746948992,73
RU,天然橡胶,SHFE,19.635200818605814,134
I,铁矿石,DCE,18.999844605142098,134
RB,螺纹钢,SHFE,10.786194535717703,73
