code,name,exchange,atm_iv,days
AG,白银,SHFE,78.51771772304238,48
JM,焦煤,DCE,53.336680898753286,48
AU,黄金,SHFE,31.75863784478065,78
CU,铜,SHFE,28.987249329128534,78
RU,天然橡胶,SHFE,28.947875889503056,48
RB,螺纹钢,SHFE,23.57959084903428,109
I,铁矿石,DCE,21.159068005751365,78
