code,name,exchange,skew_25d,atm_iv,put_25d_iv,call_25d_iv,days
I,铁矿石,DCE,1.8909019941384777,17.82687263684414,21.34618039257081,19.45527839843233,72
RU,天然橡胶,SHFE,-2.102478555206133,23.12834758799313,22.47970453422693,24.582183089433062,72
RB,螺纹钢,SHFE,-2.245286693396487,11.7963483612806,15.437306770823415,17.682593464219902,72
CU,铜,SHFE,-4.044578720133149,29.31022476615857,28.0103167611172,32.05489548125035,72
AG,白银,SHFE,-5.82335845089105,85.45864423872597,80.89090384143861,86.71426229232966,41
JM,焦煤,DCE,-7.341136336796545,39.80546178012015,34.520334730199345,41.86147106699589,72
AU,黄金,SHFE,-7.741326779783705,29.48598185600692,28.89324643207282,36.63457321185653,102
