code,name,exchange,skew_25d,atm_iv,put_25d_iv,call_25d_iv,days
AG,白银,SHFE,0.31974378892120114,70.14770191080851,70.60580633389763,70.28606254497643,55
AU,黄金,SHFE,0.23228865216373862,37.2071436220932,37.2071436220932,36.97485496992946,116
CU,铜,SHFE,-0.3866125988155815,23.025099537566803,23.52013834100362,23.9067509398192,86
I,铁矿石,DCE,-0.9114915522774609,19.36251224325657,20.508061096804404,21.419552649081865,55
RU,天然橡胶,SHFE,-1.758689268176699,19.051453427745805,19.7716217886369,21.5303110568136,147
RB,螺纹钢,SHFE,-2.6553769229251287,12.359681225309885,13.749768939313189,16.405145862238317,86
JM,焦煤,DCE,-5.482461332105373,38.72570379595352,37.35874897505294,42.84121030715831,55
