code,name,exchange,atm_iv,days
AG,白银,SHFE,45.572997029734175,39
JM,焦煤,DCE,29.956015010338007,70
AU,黄金,SHFE,23.31186207950085,39
RU,天然橡胶,SHFE,22.80971636137651,70
CU,铜,SHFE,19.184422701306257,101
I,铁矿石,DCE,15.217896339135548,70
RB,螺纹钢,SHFE,10.572592768601917,101
