code,name,exchange,skew_25d,atm_iv,put_25d_iv,call_25d_iv,days
AU,黄金,SHFE,3.1657549046132942,26.251883259689382,28.37358804348591,25.207833138872616,108
AG,白银,SHFE,0.06501278083145934,47.22895749903715,48.20627654358557,48.14126376275411,108
RB,螺纹钢,SHFE,-0.8436403096859291,10.917480765741294,11.756770828465491,12.60041113815142,108
CU,铜,SHFE,-1.102722988182073,19.26536908100463,20.562358826582848,21.66508181476492,77
I,铁矿石,DCE,-1.9241093421678848,14.652472422713068,16.165854305189896,18.08996364735778,77
JM,焦煤,DCE,-2.710541769275963,32.14061282099533,31.665921126048097,34.37646289532406,77
RU,天然橡胶,SHFE,-2.7207894765143017,20.50627382434276,20.214974645811484,22.935764122325786,77
