code,name,exchange,skew_25d,atm_iv,put_25d_iv,call_25d_iv,days
I,铁矿石,DCE,1.1611244669088556,17.830901080119567,19.025176969978848,17.864052503069992,131
AG,白银,SHFE,-0.2602208546045972,56.021198414639294,55.9734658881039,56.2336867427085,39
RU,天然橡胶,SHFE,-1.3459555345707344,19.71896279090039,20.31371252786048,21.659668062431216,131
AU,黄金,SHFE,-1.3962764747077294,29.913752730718667,27.41722800446488,28.81350447917261,100
RB,螺纹钢,SHFE,-3.449163746845336,10.475468978270458,12.0391856546746,15.488349401519937,70
CU,铜,SHFE,-4.962703017276009,21.36622149722141,20.77597754818272,25.73868056545873,70
JM,焦煤,DCE,-7.525785090072283,31.740318786348237,27.17718693422455,34.702972024296834,39
