code,name,exchange,atm_iv,days
AG,白银,SHFE,85.45864423872597,41
JM,焦煤,DCE,39.80546178012015,72
AU,黄金,SHFE,29.48598185600692,102
CU,铜,SHFE,29.31022476615857,72
RU,天然橡胶,SHFE,23.12834758799313,72
I,铁矿石,DCE,17.82687263684414,72
RB,螺纹钢,SHFE,11.7963483612806,72
