code,name,exchange,skew_25d,atm_iv,put_25d_iv,call_25d_iv,days
AG,白银,SHFE,-1.8761538904184363,80.97224228212767,79.09608839170923,80.97224228212767,52
I,铁矿石,DCE,-3.564185115796434,20.13404873251857,19.76485361738204,23.329038733178475,81
AU,黄金,SHFE,-4.771301244167788,34.4924349059208,30.41446288475626,35.18576412892405,82
RB,螺纹钢,SHFE,-4.923967849780375,16.41370639758159,13.394822061955647,18.318789911736022,113
CU,铜,SHFE,-5.315080864671401,26.073130617520253,24.85614099479653,30.17122185946793,52
RU,天然橡胶,SHFE,-5.9132315791669114,23.476508742903583,22.04415581393541,27.957387393102323,52
JM,焦煤,DCE,-11.630066426888057,44.5327694828953,39.03024875770373,50.66031518459179,51
