code,name,exchange,atm_iv,days
AG,白银,SHFE,44.85320339199495,81
JM,焦煤,DCE,27.348113148156468,50
AU,黄金,SHFE,23.868062840346287,81
RU,天然橡胶,SHFE,18.8406333342238,50
CU,铜,SHFE,17.17939528158049,81
I,铁矿石,DCE,14.6840200495954,81
RB,螺纹钢,SHFE,9.265862577655238,81
