code,name,exchange,atm_iv,days
AG,白银,SHFE,69.17074405028661,61
JM,焦煤,DCE,46.8404844048086,61
AU,黄金,SHFE,34.43311727706862,61
RU,天然橡胶,SHFE,23.523670065654308,31
CU,铜,SHFE,23.12589787892977,61
I,铁矿石,DCE,22.613287062026373,92
RB,螺纹钢,SHFE,14.52384657012645,92
