code,name,exchange,skew_25d,atm_iv,put_25d_iv,call_25d_iv,days
AU,黄金,SHFE,1.9265448489726253,27.21193230146284,28.597743560274928,26.671198711302303,87
CU,铜,SHFE,1.7164464755648723,19.05202644711133,20.807857811100384,19.09141133553551,87
I,铁矿石,DCE,0.13901292963387135,17.585525507343128,18.08416176229097,17.9451488326571,87
AG,白银,SHFE,-1.0428241137971668,47.67135110471957,48.87898466115056,49.92180877494773,87
RU,天然橡胶,SHFE,-1.154146282572487,19.940021242888704,21.079804517874845,22.23395080044733,56
RB,螺纹钢,SHFE,-1.6713592741125396,9.550247518649607,12.12850575224991,13.799865026362449,87
JM,焦煤,DCE,-2.3515488571215712,27.36546114344256,27.59740791111277,29.948956768234343,56
