code,name,exchange,skew_25d,atm_iv,put_25d_iv,call_25d_iv,days
AG,白银,SHFE,1.9678814013228845,58.87653294048312,60.1878923037913,58.22001090246842,43
AU,黄金,SHFE,1.8403562685065395,25.751830537466148,29.21204720624199,27.37169093773545,43
I,铁矿石,DCE,-0.20279567870910142,19.09311596206205,19.40484653488284,19.60764221359194,135
RU,天然橡胶,SHFE,-1.3954268307768949,20.452575124415286,20.225166960174064,21.62059379095096,135
RB,螺纹钢,SHFE,-1.4930621234349442,11.279486012681414,13.614354308859822,15.107416432294766,74
CU,铜,SHFE,-1.614903222074112,20.14458153014385,20.30635660511845,21.92125982719256,74
JM,焦煤,DCE,-7.026087579193838,33.677918314051134,30.65006740418399,37.67615498337783,43
