code,name,exchange,skew_25d,atm_iv,put_25d_iv,call_25d_iv,days
AG,白银,SHFE,3.1030666966125438,69.56092476429866,72.67880055980666,69.57573386319412,56
AU,黄金,SHFE,2.38892172246171,34.49076312744332,37.21180988820667,34.82288816574496,56
CU,铜,SHFE,2.2956658309333093,22.837586381546267,25.50695256098864,23.21128673005533,56
I,铁矿石,DCE,0.7151143842936598,22.162117002946943,21.85817423382871,21.14305984953505,87
RB,螺纹钢,SHFE,-2.607235923961168,12.200663249034136,14.329032240393731,16.9362681643549,87
RU,天然橡胶,SHFE,-3.770577482966445,19.946046181032692,20.02587833204669,23.796455815013136,148
JM,焦煤,DCE,-7.691080832631194,39.591210334197264,37.16862833384643,44.85970916647762,56
