code,name,exchange,atm_iv,days
AG,白银,SHFE,72.96969588446028,16
JM,焦煤,DCE,43.27120734251644,47
AU,黄金,SHFE,28.990928053532585,16
RU,天然橡胶,SHFE,28.03731272130389,47
CU,铜,SHFE,28.01194708542915,77
I,铁矿石,DCE,18.37755381475497,77
RB,螺纹钢,SHFE,14.68318422703872,47
