code,name,exchange,skew_25d,atm_iv,put_25d_iv,call_25d_iv,days
AU,黄金,SHFE,3.0266351097741513,26.051695679114413,27.63046154312933,24.603826433355177,71
AG,白银,SHFE,0.7665696101510591,47.36416513972888,48.80847996397155,48.04191035382049,71
RU,天然橡胶,SHFE,0.2203542095728288,17.779543695791553,20.4438441268008,20.223489917227973,40
I,铁矿石,DCE,-0.8618298087307092,15.41417265174256,15.847794569897536,16.709624378628245,71
CU,铜,SHFE,-1.534022645653188,16.788421270339988,17.808162419440823,19.34218506509401,101
RB,螺纹钢,SHFE,-2.236529847127626,9.701137802484494,11.663358264423882,13.899888111551508,71
JM,焦煤,DCE,-2.6681151554575493,18.41841011274633,18.41841011274633,21.08652526820388,71
