code,name,exchange,skew_25d,atm_iv,put_25d_iv,call_25d_iv,days
I,铁矿石,DCE,2.5608222118229875,12.686980793799387,18.268804833281237,15.70798262145825,65
AU,黄金,SHFE,1.72738132717814,23.69880599514696,27.434374577157723,25.706993249979583,34
AG,白银,SHFE,0.030180212610382284,51.8580001028982,52.8833385885501,52.85315837593972,34
RU,天然橡胶,SHFE,-3.131009236371071,22.933047645697368,20.85708955763597,23.98809879400704,126
RB,螺纹钢,SHFE,-3.2056379292177724,10.50911986337785,11.932587414272538,15.13822534349031,65
JM,焦煤,DCE,-3.506324344664211,33.760546115159634,31.9023159639783,35.40864030864251,126
CU,铜,SHFE,-4.111780114418085,19.93130031125883,19.945537249095395,24.05731736351348,65
