code,name,exchange,atm_iv,days
AG,白银,SHFE,44.78154308684966,80
JM,焦煤,DCE,26.43368245227038,49
AU,黄金,SHFE,23.83108372894929,80
RU,天然橡胶,SHFE,18.46307151559607,49
CU,铜,SHFE,16.5375987011517,80
I,铁矿石,DCE,15.901318124503003,80
RB,螺纹钢,SHFE,9.900375722018682,80
