code,name,exchange,skew_25d,atm_iv,put_25d_iv,call_25d_iv,days
AU,黄金,SHFE,2.82984627741687,22.59331282048055,25.860687627891508,23.03084135047464,66
I,铁矿石,DCE,1.4051901872018853,14.788243819711756,16.90306682289292,15.497876635691036,97
AG,白银,SHFE,-0.5160117292650312,52.34475586437225,53.00816308683321,53.52417481609824,66
CU,铜,SHFE,-2.481321473652823,22.277905991600434,19.79658451794761,22.277905991600434,97
RB,螺纹钢,SHFE,-2.894457552661617,10.16104118251105,10.0739098445353,12.968367397196918,128
RU,天然橡胶,SHFE,-3.0762107420957037,19.82203473244393,18.668746668522918,21.74495741061862,97
JM,焦煤,DCE,-4.148536844919118,24.698571842933216,22.88058326393017,27.029120108849288,97
