code,name,exchange,skew_25d,atm_iv,put_25d_iv,call_25d_iv,days
AU,黄金,SHFE,1.2590874659384141,24.32237385161756,24.860810709344666,23.60172324340625,103
I,铁矿石,DCE,-0.04978231182874637,15.034645586395596,16.581030479765992,16.63081279159474,72
AG,白银,SHFE,-0.8678385029402591,45.45667644746892,45.20408949622857,46.07192799916883,103
CU,铜,SHFE,-1.3095924727264148,18.75490483502228,18.742822765799414,20.05241523852583,72
RB,螺纹钢,SHFE,-1.7140127261790283,11.277980390813852,11.798781750942734,13.512794477121762,103
JM,焦煤,DCE,-2.263470938146156,32.204269710659645,32.399241505080234,34.66271244322639,72
RU,天然橡胶,SHFE,-3.5416240820091787,21.027285277045245,19.772612824242312,23.31423690625149,72
