code,name,exchange,atm_iv,days
AG,白银,SHFE,50.34842975012607,87
JM,焦煤,DCE,31.309087071013877,118
AU,黄金,SHFE,26.42647852484575,87
RU,天然橡胶,SHFE,23.287915322152077,118
CU,铜,SHFE,18.41454480278801,57
I,铁矿石,DCE,16.626082744596218,118
RB,螺纹钢,SHFE,10.745773489921543,57
