code,name,exchange,skew_25d,atm_iv,put_25d_iv,call_25d_iv,days
AU,黄金,SHFE,1.084846356376918,23.64985948929602,25.109800647293685,24.024954290916767,66
RU,天然橡胶,SHFE,0.6053408881081523,17.88448649308539,21.082708870340845,20.477367982232693,35
AG,白银,SHFE,0.118158073227697,45.98789026490613,45.8909724792994,45.7728144060717,66
RB,螺纹钢,SHFE,-0.49746875944788016,9.96545973329924,12.602583298504374,13.100052057952254,66
JM,焦煤,DCE,-0.6961859072141969,25.0713996438936,25.21226700658833,25.908452913802527,66
I,铁矿石,DCE,-0.7155385811614465,16.55671183852764,17.169380040165823,17.88491862132727,96
CU,铜,SHFE,-0.8714589888562898,17.204989229143884,18.367865462195628,19.239324451051917,96
