code,name,exchange,skew_25d,atm_iv,put_25d_iv,call_25d_iv,days
AU,黄金,SHFE,2.6622962802798646,22.799189755094083,25.228127185424576,22.56583090514471,65
I,铁矿石,DCE,0.2278996186136233,14.65553155656369,15.69481135793113,15.466911739317506,96
AG,白银,SHFE,-0.6040173433422211,50.33354293264956,51.12641475403703,51.73043209737925,65
RB,螺纹钢,SHFE,-2.421000279632187,9.84920327596038,10.465283641893262,12.886283921525449,127
RU,天然橡胶,SHFE,-3.305627006274346,20.15735553888158,18.64819266609684,21.953819672371186,96
CU,铜,SHFE,-4.217414184816448,20.90168588027632,19.093211644700645,23.310625829517093,65
JM,焦煤,DCE,-4.753182451696819,25.87651504897278,24.608250567633448,29.361433019330267,96
