code,name,exchange,atm_iv,days
AG,白银,SHFE,45.67294223181736,82
JM,焦煤,DCE,27.55830411784564,51
AU,黄金,SHFE,24.118097130112755,82
RU,天然橡胶,SHFE,19.23442205571414,51
CU,铜,SHFE,17.668237753741884,82
I,铁矿石,DCE,15.686189506433248,82
RB,螺纹钢,SHFE,9.424202999188685,82
