code,name,exchange,skew_25d,atm_iv,put_25d_iv,call_25d_iv,days
I,铁矿石,DCE,2.521112112567568,16.61949035859107,18.501122244951564,15.980010132383995,103
AU,黄金,SHFE,2.4072019109729474,24.870611982257337,26.7205970957362,24.31339518476325,72
AG,白银,SHFE,-0.3561827740509642,54.49936630493077,54.48561742943932,54.84180020349029,72
RB,螺纹钢,SHFE,-1.3518303955677062,11.376730977650585,12.038970489142551,13.390800884710258,134
RU,天然橡胶,SHFE,-3.288643182657296,20.420092184665485,18.694806162845147,21.983449345502443,103
CU,铜,SHFE,-3.56315386343163,21.12705013215713,20.72504000538616,24.28819386881779,72
JM,焦煤,DCE,-4.386233124419139,25.80322710172246,24.028811759733145,28.415044884152284,103
