code,name,exchange,atm_iv,days
AG,白银,SHFE,73.510099179937,74
JM,焦煤,DCE,49.00617259536682,44
AU,黄金,SHFE,28.488112282408167,74
CU,铜,SHFE,25.488096928338905,44
RU,天然橡胶,SHFE,25.47981091499823,44
I,铁矿石,DCE,22.349653559378982,74
RB,螺纹钢,SHFE,14.98343107866445,105
