code,name,exchange,atm_iv,days
AG,白银,SHFE,81.95596559348067,64
JM,焦煤,DCE,59.84447365719622,64
AU,黄金,SHFE,41.82054643338036,64
CU,铜,SHFE,28.131979773639355,64
RU,天然橡胶,SHFE,27.899545137591712,34
I,铁矿石,DCE,21.173268665424217,95
RB,螺纹钢,SHFE,16.751055665047552,95
