code,name,exchange,skew_25d,atm_iv,put_25d_iv,call_25d_iv,days
AU,黄金,SHFE,2.068887911825879,25.47506833044081,28.08876716535404,26.01987925352816,88
CU,铜,SHFE,0.7677132209939117,18.880024269646707,20.374565890755424,19.606852669761512,88
I,铁矿石,DCE,-0.3908644250915252,17.684427370607956,17.9225552652434,18.313419690334925,88
RB,螺纹钢,SHFE,-1.1333067768287606,10.089787279725314,12.2433922872808,13.37669906410956,88
JM,焦煤,DCE,-2.0865008136804803,28.854908154105534,28.735044294075763,30.821545107756243,57
AG,白银,SHFE,-2.146823884437538,48.616859037204094,47.3773860536746,49.524209938112136,88
RU,天然橡胶,SHFE,-3.3158386954710153,20.23051490960047,20.35239327712398,23.668231972594995,57
