code,name,exchange,atm_iv,days
AG,白银,SHFE,57.43629781649025,75
JM,焦煤,DCE,29.602240090042663,106
AU,黄金,SHFE,26.542671639407487,75
CU,铜,SHFE,22.822028397283106,75
RU,天然橡胶,SHFE,20.652328411827245,106
I,铁矿石,DCE,16.85158042719354,106
RB,螺纹钢,SHFE,10.004068833131925,45
