code,name,exchange,atm_iv,days
AG,白银,SHFE,46.83838970671392,96
JM,焦煤,DCE,29.57860655185688,65
AU,黄金,SHFE,24.46710188570902,96
RU,天然橡胶,SHFE,23.11576476738493,65
CU,铜,SHFE,18.311140393968365,65
I,铁矿石,DCE,15.93793056262589,65
RB,螺纹钢,SHFE,10.49728438079056,96
