code,name,exchange,skew_25d,atm_iv,put_25d_iv,call_25d_iv,days
AU,黄金,SHFE,1.878851951283373,25.691264844384943,27.13521809020587,25.2563661389225,74
AG,白银,SHFE,0.42249575851597143,46.030042122413896,46.57084071344308,46.14834495492711,74
CU,铜,SHFE,-0.009986736114349526,16.75554146252553,18.39966064777584,18.40964738389019,74
RU,天然橡胶,SHFE,-0.2655577004149734,17.365992180121093,20.33660503845896,20.602162738873933,43
JM,焦煤,DCE,-0.7214397870196976,24.758009334410453,25.874725607838663,26.59616539485836,43
I,铁矿石,DCE,-1.4464245831617966,16.34299740545026,16.471149558249518,17.917574141411315,74
RB,螺纹钢,SHFE,-1.72816893421159,10.276022695455962,12.163397394922052,13.891566329133642,74
