code,name,exchange,atm_iv,days
AG,白银,SHFE,55.662292123761645,36
JM,焦煤,DCE,33.45450839089926,128
AU,黄金,SHFE,27.38408950956648,97
RU,天然橡胶,SHFE,22.112679782363863,128
I,铁矿石,DCE,21.22434606823348,67
CU,铜,SHFE,21.131349560259288,67
RB,螺纹钢,SHFE,10.983150722196797,67
