code,name,exchange,skew_25d,atm_iv,put_25d_iv,call_25d_iv,days
AU,黄金,SHFE,0.6576997612012896,28.823830176052574,29.78140175514788,29.12370199394659,102
AG,白银,SHFE,-0.2116231155364332,60.95135706767909,60.73973395214266,60.95135706767909,102
I,铁矿石,DCE,-0.5762173704186928,17.803994156493307,18.96827176143468,19.54448913185337,133
RU,天然橡胶,SHFE,-2.516373995324031,19.959870693176352,19.469401942292112,21.985775937616143,133
CU,铜,SHFE,-3.3412679351071937,22.18891424129131,22.959307614395158,26.30057554950235,72
RB,螺纹钢,SHFE,-3.3719742230450187,10.067314915170542,11.36175347715375,14.733727700198768,72
JM,焦煤,DCE,-8.056986217368785,30.965871557497504,27.85988782990888,35.916874047277666,41
