code,name,exchange,skew_25d,atm_iv,put_25d_iv,call_25d_iv,days
I,铁矿石,DCE,0.7432436155669606,17.944325226082515,20.89882712447893,20.15558350891197,61
RB,螺纹钢,SHFE,-2.7598595690303718,13.96111105195135,16.35429850158176,19.11415807061213,61
AG,白银,SHFE,-4.403370582075084,92.29862188677107,90.39632159866544,94.79969218074052,30
JM,焦煤,DCE,-7.009158745272828,39.63133383724154,36.68438593117367,43.6935446764465,61
CU,铜,SHFE,-7.4440401454923375,27.938590316682102,25.950218763181475,33.39425890867381,61
AU,黄金,SHFE,-8.17507591821316,33.74275832032372,29.37226670471368,37.54734262292684,91
RU,天然橡胶,SHFE,-8.884104113393548,28.870424724093716,21.808630434863197,30.692734548256745,61
