code,name,exchange,atm_iv,days
AG,白银,SHFE,74.34617709059596,63
JM,焦煤,DCE,57.88742625866674,63
AU,黄金,SHFE,39.60223348184295,63
CU,铜,SHFE,26.855578035267108,94
RU,天然橡胶,SHFE,22.51223210501467,33
I,铁矿石,DCE,20.7870293918143,94
RB,螺纹钢,SHFE,15.106269149012045,94
