code,name,exchange,atm_iv,days
AG,白银,SHFE,57.01226611585189,96
JM,焦煤,DCE,33.657927317514776,127
AU,黄金,SHFE,28.98255461686208,96
RU,天然橡胶,SHFE,22.349753037274404,127
CU,铜,SHFE,21.18903514252406,66
I,铁矿石,DCE,17.610175512525487,66
RB,螺纹钢,SHFE,10.698907864545903,66
