code,name,exchange,atm_iv,days
AG,白银,SHFE,46.90425319674854,75
AU,黄金,SHFE,25.5821517959554,75
JM,焦煤,DCE,24.113137676005596,44
RU,天然橡胶,SHFE,18.34131483722704,44
I,铁矿石,DCE,16.601420147775052,75
CU,铜,SHFE,15.88822121113243,75
RB,螺纹钢,SHFE,9.555687495080242,75
