code,name,exchange,atm_iv,days
AG,白银,SHFE,65.33022013838008,14
JM,焦煤,DCE,46.285824034637976,45
AU,黄金,SHFE,29.222576148020472,75
RU,天然橡胶,SHFE,27.4537103463994,45
CU,铜,SHFE,25.793314930420024,45
I,铁矿石,DCE,18.13479084336664,75
RB,螺纹钢,SHFE,14.437398150293715,106
