code,name,exchange,atm_iv,days
AG,白银,SHFE,48.33853947623476,106
JM,焦煤,DCE,32.31710726919747,75
AU,黄金,SHFE,26.179490398282702,106
RU,天然橡胶,SHFE,20.894307855835912,75
CU,铜,SHFE,18.48119120775543,75
I,铁矿石,DCE,15.190065323703914,75
RB,螺纹钢,SHFE,10.860095403687374,106
