code,name,exchange,atm_iv,days
AG,白银,SHFE,47.25751523357025,89
JM,焦煤,DCE,29.241026812714036,58
AU,黄金,SHFE,25.911209341643453,89
RU,天然橡胶,SHFE,20.892461524335022,58
CU,铜,SHFE,19.17941019230557,89
I,铁矿石,DCE,15.663512827106238,89
RB,螺纹钢,SHFE,10.298643460881268,89
