code,name,exchange,skew_25d,atm_iv,put_25d_iv,call_25d_iv,days
AG,白银,SHFE,1.0292424726056169,78.51771772304238,79.546960195648,78.51771772304238,48
RB,螺纹钢,SHFE,-1.5092356030654663,23.57959084903428,16.29876919136873,17.808004794434197,109
AU,黄金,SHFE,-2.645791276543754,31.75863784478065,33.19216733643597,35.837958612979726,78
I,铁矿石,DCE,-2.745689891531484,21.159068005751365,20.954148771682863,23.699838663214347,78
CU,铜,SHFE,-4.098010926432764,28.987249329128534,29.017904056064054,33.11591498249682,78
RU,天然橡胶,SHFE,-8.952684417983885,28.947875889503056,23.51864945573924,32.471333873723125,48
JM,焦煤,DCE,-16.489794500221286,53.336680898753286,47.855845995290245,64.34564049551153,48
