code,name,exchange,atm_iv,days
AG,白银,SHFE,69.56092476429866,56
JM,焦煤,DCE,39.591210334197264,56
AU,黄金,SHFE,34.49076312744332,56
CU,铜,SHFE,22.837586381546267,56
I,铁矿石,DCE,22.162117002946943,87
RU,天然橡胶,SHFE,19.946046181032692,148
RB,螺纹钢,SHFE,12.200663249034136,87
