code,name,exchange,atm_iv,days
AG,白银,SHFE,46.53877690950474,79
JM,焦煤,DCE,25.336901067596614,48
AU,黄金,SHFE,24.383725934298088,79
RU,天然橡胶,SHFE,18.51655330790774,48
CU,铜,SHFE,16.65053664676153,79
I,铁矿石,DCE,15.408808694161404,79
RB,螺纹钢,SHFE,10.039814524637825,79
