code,name,exchange,atm_iv,days
AG,白银,SHFE,48.616859037204094,88
JM,焦煤,DCE,28.854908154105534,57
AU,黄金,SHFE,25.47506833044081,88
RU,天然橡胶,SHFE,20.23051490960047,57
CU,铜,SHFE,18.880024269646707,88
I,铁矿石,DCE,17.684427370607956,88
RB,螺纹钢,SHFE,10.089787279725314,88
