code,name,exchange,atm_iv,days
AG,白银,SHFE,47.36416513972888,71
AU,黄金,SHFE,26.051695679114413,71
JM,焦煤,DCE,18.41841011274633,71
RU,天然橡胶,SHFE,17.77954369579155,40
CU,铜,SHFE,16.788421270339988,101
I,铁矿石,DCE,15.41417265174256,71
RB,螺纹钢,SHFE,9.701137802484494,71
