code,name,exchange,skew_25d,atm_iv,put_25d_iv,call_25d_iv,days
I,铁矿石,DCE,-1.0263088882606652,18.13479084336664,21.490183426972003,22.516492315232668,75
CU,铜,SHFE,-3.0024233741165105,25.793314930420024,26.04156102279764,29.04398439691415,45
AG,白银,SHFE,-4.084760713803064,65.33022013838008,66.16058372264439,70.24534443644745,14
RB,螺纹钢,SHFE,-5.603002952944141,14.437398150293715,14.445688564858653,20.048691517802794,106
AU,黄金,SHFE,-5.710440526245069,29.222576148020472,28.10471050433401,33.81515103057908,75
RU,天然橡胶,SHFE,-7.356086650757909,27.4537103463994,25.58637921333112,32.94246586408903,45
JM,焦煤,DCE,-12.63696602382042,46.285824034637976,41.05480916885616,53.69177519267658,45
