code,name,exchange,skew_25d,atm_iv,put_25d_iv,call_25d_iv,days
AU,黄金,SHFE,2.2316270303700385,25.52696034322369,26.727747290442903,24.496120260072864,69
I,铁矿石,DCE,1.8210561181133773,16.018899664650217,17.71660150206334,15.895545383949964,100
AG,白银,SHFE,0.005412079101127176,54.32602793253311,55.83536584148959,55.82995376238846,69
RB,螺纹钢,SHFE,-1.7329580521262784,10.538191434860114,11.197103044027664,12.930061096153942,131
CU,铜,SHFE,-4.371500530774668,20.078297213554347,19.99824222378969,24.369742754564356,69
RU,天然橡胶,SHFE,-4.594081492201205,20.76785878025485,19.11393292533837,23.708014417539577,100
JM,焦煤,DCE,-4.675831859711405,25.894820969570425,23.64867715931977,28.324509019031176,100
