code,name,exchange,atm_iv,days
AG,白银,SHFE,46.16905282531473,65
JM,焦煤,DCE,24.66407478937236,65
AU,黄金,SHFE,23.10997538530193,65
CU,铜,SHFE,18.783056633053494,95
RU,天然橡胶,SHFE,18.331442077841704,34
I,铁矿石,DCE,17.24122194372428,95
RB,螺纹钢,SHFE,9.86338337060018,65
