code,name,exchange,atm_iv,days
AG,白银,SHFE,46.22719965438857,95
JM,焦煤,DCE,27.55092831307589,64
AU,黄金,SHFE,25.05765034484263,95
RU,天然橡胶,SHFE,23.32984619046879,64
CU,铜,SHFE,19.482990701120126,95
I,铁矿石,DCE,15.013811933950372,95
RB,螺纹钢,SHFE,9.997119419894608,95
