code,name,exchange,atm_iv,days
AG,白银,SHFE,44.381083705516126,38
JM,焦煤,DCE,29.776854397763078,69
AU,黄金,SHFE,24.41831415210737,100
RU,天然橡胶,SHFE,21.69694598312747,69
CU,铜,SHFE,19.41501635531314,100
I,铁矿石,DCE,15.59224531323771,69
RB,螺纹钢,SHFE,10.31023597660715,100
