code,name,exchange,skew_25d,atm_iv,put_25d_iv,call_25d_iv,days
AU,黄金,SHFE,2.7333306042547214,21.018692667853845,23.597149141900346,20.863818537645624,60
AG,白银,SHFE,1.768531055215682,48.22352527213336,49.8186953220721,48.05016426685642,60
I,铁矿石,DCE,-0.25188138657803094,14.600561864748707,16.071646961320575,16.323528347898606,91
RB,螺纹钢,SHFE,-1.2376211855080168,10.697523003393,11.401041504349628,12.638662689857645,122
CU,铜,SHFE,-2.821007743405758,17.93879279369684,17.8511673330272,20.672175076432957,60
RU,天然橡胶,SHFE,-3.683093950038135,20.506100368091737,18.426485710438985,22.10957966047712,91
JM,焦煤,DCE,-4.38599079984531,30.751232681759223,27.61841308174335,32.00440388158866,91
