code,name,exchange,skew_25d,atm_iv,put_25d_iv,call_25d_iv,days
CU,铜,SHFE,-1.3720834482313293,26.39334616032585,27.56353053371868,28.93561398195001,71
AU,黄金,SHFE,-1.5965526951148377,28.69191616836126,28.836866694007483,30.43341938912232,71
I,铁矿石,DCE,-2.868672233967576,21.1407271821436,22.04950788011456,24.918180114082137,41
AG,白银,SHFE,-2.9335761954446014,68.61546968059187,68.78448795205752,71.71806414750212,71
RB,螺纹钢,SHFE,-4.0228335713294605,15.376626379504938,14.99192783093061,19.01476140226007,102
RU,天然橡胶,SHFE,-9.359841989251112,26.477520091670424,24.08773704731615,33.44757903656726,41
JM,焦煤,DCE,-10.894306985603066,47.50866522252013,42.06895000649702,52.963256992100085,41
