code,name,exchange,skew_25d,atm_iv,put_25d_iv,call_25d_iv,days
AU,黄金,SHFE,2.3957016957647497,25.5821517959554,27.20481794774135,24.8091162519766,75
I,铁矿石,DCE,1.1009044122324987,16.601420147775052,17.809147379837277,16.70824296760478,75
AG,白银,SHFE,-0.002525555019289527,46.90425319674854,46.60845584690782,46.61098140192711,75
CU,铜,SHFE,-0.059266309382319804,15.88822121113243,17.687856677751913,17.747122987134233,75
RU,天然橡胶,SHFE,-0.483553658123018,18.34131483722704,20.592305969082457,21.075859627205475,44
RB,螺纹钢,SHFE,-0.5801173460437745,9.555687495080242,12.319528292174711,12.899645638218486,75
JM,焦煤,DCE,-1.6823066046773967,24.113137676005596,24.973536064463115,26.65584266914051,44
