code,name,exchange,atm_iv,days
AG,白银,SHFE,45.45667644746892,103
JM,焦煤,DCE,32.204269710659645,72
AU,黄金,SHFE,24.32237385161756,103
RU,天然橡胶,SHFE,21.027285277045245,72
CU,铜,SHFE,18.75490483502228,72
I,铁矿石,DCE,15.034645586395596,72
RB,螺纹钢,SHFE,11.277980390813852,103
