code,name,exchange,skew_25d,atm_iv,put_25d_iv,call_25d_iv,days
AU,黄金,SHFE,1.786824083698498,25.401543668115167,26.883226398920108,25.09640231522161,89
I,铁矿石,DCE,0.8856020876275537,15.494640423299932,17.629517727488246,16.743915639860692,120
AG,白银,SHFE,-0.8195495272728124,49.26824964181014,50.894226732776616,51.71377626004943,89
CU,铜,SHFE,-1.4353313920113315,19.51750119782745,20.303585218314623,21.738916610325955,89
RU,天然橡胶,SHFE,-1.8677833698686506,21.96994291098651,21.16201381127867,23.02979718114732,120
JM,焦煤,DCE,-2.6868728867338163,30.84055914562338,29.582030685783963,32.26890357251778,120
RB,螺纹钢,SHFE,-3.865515302834737,10.175954325484778,11.388900404861364,15.2544157076961,59
