code,name,exchange,skew_25d,atm_iv,put_25d_iv,call_25d_iv,days
AU,黄金,SHFE,4.063074356512011,26.42647852484575,29.02908228916829,24.96600793265628,87
AG,白银,SHFE,1.7488326397837568,50.34842975012607,51.89073764746789,50.14190500768413,87
I,铁矿石,DCE,0.22743879410645462,16.626082744596218,17.87527071928906,17.647831925182604,118
CU,铜,SHFE,-0.8821963535007846,18.41454480278801,19.548805436479565,20.43100178998035,57
RU,天然橡胶,SHFE,-1.9043017753543765,23.287915322152077,22.140582528797275,24.04488430415165,118
RB,螺纹钢,SHFE,-2.160988491626398,10.745773489921543,12.585662271709714,14.746650763336111,57
JM,焦煤,DCE,-3.370744106180009,31.309087071013877,29.51211461569743,32.88285872187744,118
