code,name,exchange,atm_iv,days
AG,白银,SHFE,51.005135135146354,33
JM,焦煤,DCE,33.27756210698124,125
AU,黄金,SHFE,23.76450624480141,33
RU,天然橡胶,SHFE,21.899691596272287,125
CU,铜,SHFE,20.713701389789545,64
I,铁矿石,DCE,12.870418511145804,64
RB,螺纹钢,SHFE,10.458890801874643,64
