code,name,exchange,atm_iv,days
AG,白银,SHFE,60.95135706767909,102
JM,焦煤,DCE,30.965871557497504,41
AU,黄金,SHFE,28.823830176052574,102
CU,铜,SHFE,22.18891424129131,72
RU,天然橡胶,SHFE,19.959870693176352,133
I,铁矿石,DCE,17.803994156493307,133
RB,螺纹钢,SHFE,10.067314915170542,72
