code,name,exchange,skew_25d,atm_iv,put_25d_iv,call_25d_iv,days
AG,白银,SHFE,0.1449652883763548,73.510099179937,75.06791626111166,74.92295097273531,74
CU,铜,SHFE,-1.533620930793269,25.488096928338905,27.476710103195472,29.01033103398874,44
AU,黄金,SHFE,-5.731102816510283,28.488112282408167,27.772013809969483,33.503116626479766,74
I,铁矿石,DCE,-5.767072458309762,22.349653559378982,20.857572578307675,26.624645036617437,74
RB,螺纹钢,SHFE,-6.712319996800016,14.98343107866445,14.383359799455771,21.095679796255787,105
RU,天然橡胶,SHFE,-8.331501582307691,25.47981091499823,24.034649639572525,32.366151221880216,44
JM,焦煤,DCE,-11.365795744718042,49.00617259536682,42.72348694441235,54.08928268913039,44
