code,name,exchange,atm_iv,days
AG,白银,SHFE,49.5813287344829,107
JM,焦煤,DCE,32.17370077496696,76
AU,黄金,SHFE,28.85348093717912,107
RU,天然橡胶,SHFE,21.13493544907153,76
CU,铜,SHFE,19.10683715311122,76
I,铁矿石,DCE,14.772189206303826,76
RB,螺纹钢,SHFE,11.826518959093454,107
