code,name,exchange,skew_25d,atm_iv,put_25d_iv,call_25d_iv,days
AU,黄金,SHFE,2.5821990250190012,24.521844574826943,26.320806610740497,23.738607585721496,67
I,铁矿石,DCE,1.1643902716787498,14.530243309963137,16.588459711092668,15.424069439413918,98
AG,白银,SHFE,1.0084890134577762,51.98486022804555,53.25119350439561,52.24270449093783,67
RB,螺纹钢,SHFE,-1.5914717726213468,10.832547612486955,10.608798059101956,12.200269831723302,129
CU,铜,SHFE,-1.6724181647371275,19.40264883157076,20.18925633324797,21.8616744979851,67
RU,天然橡胶,SHFE,-3.588168966082055,19.958856381133025,18.651736105656266,22.23990507173832,98
JM,焦煤,DCE,-3.8095321494154852,24.268573915878715,22.677873796206924,26.48740594562241,98
