code,name,exchange,skew_25d,atm_iv,put_25d_iv,call_25d_iv,days
AG,白银,SHFE,0.7488053836418587,62.694052215374576,63.390855400185366,62.64205001654351,69
CU,铜,SHFE,0.33380404034270583,25.002050833426097,27.626308138187007,27.2925040978443,69
I,铁矿石,DCE,-1.6831768537574696,24.768811706777612,23.085634853020142,24.768811706777612,100
AU,黄金,SHFE,-1.7819455604709589,25.710752243495083,25.85198375551021,27.63392931598117,69
RB,螺纹钢,SHFE,-2.9135271624548995,14.15649328606738,14.089437073136496,17.002964235591396,100
RU,天然橡胶,SHFE,-5.591893691280134,23.30828606277805,22.678509797337664,28.2704034886178,39
JM,焦煤,DCE,-6.978403122797758,40.607716325874165,37.07299008518486,44.05139320798262,69
