code,name,exchange,skew_25d,atm_iv,put_25d_iv,call_25d_iv,days
AU,黄金,SHFE,3.1486102238860596,25.83259036950193,28.148506182802407,24.999895958916348,88
AG,白银,SHFE,2.1703597772108125,47.95354007779778,50.746251648386384,48.57589187117557,27
I,铁矿石,DCE,1.6972777573191138,16.351718120088147,18.11209800274309,16.414820245423975,119
CU,铜,SHFE,0.2680390289110015,19.01280945447097,20.38607835572976,20.11803932681876,88
RU,天然橡胶,SHFE,-1.5998829397497332,22.75274074720063,22.03259464034952,23.632477580099252,119
RB,螺纹钢,SHFE,-2.4399792605182,10.918190413468892,12.410888410362396,14.850867670880596,58
JM,焦煤,DCE,-3.638251378915104,31.31396138535887,29.61326987908618,33.25152125800128,119
