code,name,exchange,atm_iv,days
AG,白银,SHFE,47.95354007779778,27
JM,焦煤,DCE,31.313961385358844,119
AU,黄金,SHFE,25.83259036950193,88
RU,天然橡胶,SHFE,22.752740747200598,119
CU,铜,SHFE,19.01280945447097,88
I,铁矿石,DCE,16.351718120088155,119
RB,螺纹钢,SHFE,10.918190413468892,58
