code,name,exchange,atm_iv,days
AG,白银,SHFE,54.49936630493077,72
JM,焦煤,DCE,25.80322710172246,103
AU,黄金,SHFE,24.870611982257337,72
CU,铜,SHFE,21.12705013215713,72
RU,天然橡胶,SHFE,20.420092184665485,103
I,铁矿石,DCE,16.61949035859107,103
RB,螺纹钢,SHFE,11.376730977650585,134
