code,name,exchange,atm_iv,days
AG,白银,SHFE,46.67688792381679,64
JM,焦煤,DCE,24.66407478937236,65
AU,黄金,SHFE,23.587508749264032,64
RU,天然橡胶,SHFE,17.823733692481383,33
I,铁矿石,DCE,17.08477757122358,94
CU,铜,SHFE,16.911514548106524,94
RB,螺纹钢,SHFE,9.843249791718735,64
