code,name,exchange,atm_iv,days
AG,白银,SHFE,58.46921542826888,73
JM,焦煤,DCE,26.779966816061613,104
AU,黄金,SHFE,25.212944628367023,73
CU,铜,SHFE,23.74652797135445,73
RU,天然橡胶,SHFE,21.143046241535544,104
I,铁矿石,DCE,17.397619105810254,104
RB,螺纹钢,SHFE,11.443556833103653,135
