code,name,exchange,atm_iv,days
AG,白银,SHFE,65.39068597659406,62
JM,焦煤,DCE,52.09106151797776,62
AU,黄金,SHFE,34.64102880261743,62
CU,铜,SHFE,24.132228607797185,62
RU,天然橡胶,SHFE,23.557379583940698,32
I,铁矿石,DCE,21.058978764190723,93
RB,螺纹钢,SHFE,14.521746453181676,93
