code,name,exchange,skew_25d,atm_iv,put_25d_iv,call_25d_iv,days
AU,黄金,SHFE,2.864012888029702,28.85348093717912,30.042734687633573,27.17872179960387,107
AG,白银,SHFE,0.5771921096814054,49.5813287344829,50.24571658709741,49.66852447741601,107
CU,铜,SHFE,0.14792459664281665,19.10683715311122,20.343841242478398,20.19591664583558,76
I,铁矿石,DCE,-0.5810002249360338,14.772189206303826,16.606503751110168,17.1875039760462,76
RB,螺纹钢,SHFE,-1.8319583188775308,11.826518959093454,11.403224204075114,13.235182522952645,107
JM,焦煤,DCE,-2.6388067712223773,32.17370077496696,31.46185746694593,34.10066423816831,76
RU,天然橡胶,SHFE,-3.7278051950143976,21.13493544907153,19.730652821588244,23.45845801660264,76
