code,name,exchange,atm_iv,days
AG,白银,SHFE,51.624162411175725,93
AU,黄金,SHFE,28.026380615002157,93
JM,焦煤,DCE,27.2159116410924,62
RU,天然橡胶,SHFE,21.8218965526102,62
CU,铜,SHFE,19.89714620320625,93
I,铁矿石,DCE,15.310701134833574,93
RB,螺纹钢,SHFE,9.8383601210593,93
