code,name,exchange,skew_25d,atm_iv,put_25d_iv,call_25d_iv,days
I,铁矿石,DCE,0.8167260733784829,17.24122194372428,17.732387328181417,16.915661254802934,95
AU,黄金,SHFE,0.2333785012158991,23.10997538530193,24.346655404306976,24.113276903091077,65
CU,铜,SHFE,-0.4240892299475796,18.783056633053494,18.358967403105915,18.783056633053494,95
JM,焦煤,DCE,-0.6551007419135715,24.66407478937236,25.59324043637717,26.24834117829074,65
RU,天然橡胶,SHFE,-0.6874338603596293,18.331442077841704,20.519269660128707,21.206703520488336,34
AG,白银,SHFE,-1.004939324510751,46.16905282531473,45.71940403451234,46.72434335902309,65
RB,螺纹钢,SHFE,-1.5272990062085228,9.86338337060018,12.152474763767176,13.679773769975698,65
