code,name,exchange,atm_iv,days
AG,白银,SHFE,58.30042319481743,74
JM,焦煤,DCE,28.1605077247861,105
CU,铜,SHFE,24.876733244418094,74
AU,黄金,SHFE,24.842467015346703,74
RU,天然橡胶,SHFE,20.16966824285208,105
I,铁矿石,DCE,17.768258790235397,105
RB,螺纹钢,SHFE,9.395176132298102,44
