code,name,exchange,skew_25d,atm_iv,put_25d_iv,call_25d_iv,days
I,铁矿石,DCE,1.8375902579783698,13.272389799070275,18.235116531200788,16.397526273222418,63
AU,黄金,SHFE,0.6252581081166717,27.855204878610955,27.855204878610955,27.229946770494283,93
AG,白银,SHFE,0.4129207562818351,51.440589288078485,53.90736237605294,53.4944416197711,32
CU,铜,SHFE,-1.3063395838600051,20.546102011827667,21.4277756537229,22.734115237582905,63
RU,天然橡胶,SHFE,-2.351838695191095,22.14551836975568,21.25466231457947,23.606501009770565,124
JM,焦煤,DCE,-4.520198804693283,32.54389111889315,30.88216468269552,35.402363487388804,124
RB,螺纹钢,SHFE,-4.7910822120634915,10.766489660684844,11.301645061947225,16.092727274010716,63
