code,name,exchange,skew_25d,atm_iv,put_25d_iv,call_25d_iv,days
AU,黄金,SHFE,2.0070571228964553,24.4240128663871,26.051677385592,24.044620262695545,85
CU,铜,SHFE,0.5119011835793899,18.669969543379704,19.36380157037803,18.85190038679864,85
AG,白银,SHFE,0.43613664694328946,46.03844981340724,46.01155606035336,45.57541941341007,85
I,铁矿石,DCE,-0.5259485342090926,15.992311255675345,16.91960919814384,17.44555773235293,85
JM,焦煤,DCE,-1.4454341002415383,28.265183640543405,29.01427061307454,30.45970471331608,54
RB,螺纹钢,SHFE,-2.68885426083677,9.190809572677376,11.48707013112389,14.17592439196066,85
RU,天然橡胶,SHFE,-2.695208529058604,18.25679335131129,20.167929824674395,22.863138353733,54
