code,name,exchange,skew_25d,atm_iv,put_25d_iv,call_25d_iv,days
I,铁矿石,DCE,2.85395303626672,16.85158042719354,19.21013801419472,16.356184977928,106
AU,黄金,SHFE,-0.847247383943813,26.542671639407487,25.850579900622623,26.697827284566436,75
RB,螺纹钢,SHFE,-1.6832273915202993,10.004068833131925,12.398395231650552,14.081622623170851,45
AG,白银,SHFE,-2.1551359291439027,57.43629781649025,56.73658183768233,58.89171776682623,75
JM,焦煤,DCE,-4.042581241496919,29.602240090042663,27.43755747031269,31.48013871180961,106
RU,天然橡胶,SHFE,-4.116653715182316,20.652328411827245,19.87879874098024,23.995452456162557,106
CU,铜,SHFE,-7.2158878403461415,22.822028397283106,20.85996514227028,28.07585298261642,75
