code,name,exchange,skew_25d,atm_iv,put_25d_iv,call_25d_iv,days
AU,黄金,SHFE,2.6851187572807156,22.320343666611723,25.0024238327045,22.317305075423786,52
I,铁矿石,DCE,0.07002496591181995,14.827892357136216,16.771302589224245,16.701277623312425,83
JM,焦煤,DCE,-0.09399422956145287,31.855660158836013,34.25823502047163,34.35222925003308,83
AG,白银,SHFE,-0.4137803087748537,46.30945195715152,46.28424070688255,46.6980210156574,52
RU,天然橡胶,SHFE,-1.576911232353151,20.157201750713924,20.378256887042298,21.95516811939545,83
CU,铜,SHFE,-1.9475757092236066,17.51417656460563,18.3609044785919,20.308480187815505,83
RB,螺纹钢,SHFE,-2.30332553281883,10.4542192371209,10.948196632085606,13.251522164904436,114
