code,name,exchange,atm_iv,days
AG,白银,SHFE,57.526875807433285,40
JM,焦煤,DCE,31.224490011738155,40
AU,黄金,SHFE,29.160615257779423,101
CU,铜,SHFE,24.0241992769894,71
RU,天然橡胶,SHFE,20.041721920596327,132
I,铁矿石,DCE,19.270045622094337,132
RB,螺纹钢,SHFE,11.231858408569323,71
