code,name,exchange,atm_iv,days
AG,白银,SHFE,82.9563275693472,24
JM,焦煤,DCE,36.404459143851234,55
AU,黄金,SHFE,32.906889180436835,85
CU,铜,SHFE,29.65868853892858,85
RU,天然橡胶,SHFE,23.85300470916153,55
RB,螺纹钢,SHFE,15.120790388157316,116
I,铁矿石,DCE,14.954137400187223,85
