code,name,exchange,skew_25d,atm_iv,put_25d_iv,call_25d_iv,days
AU,黄金,SHFE,4.989634315094669,34.64102880261743,37.99019062347472,33.00055630838005,62
AG,白银,SHFE,1.9943398154293561,65.39068597659406,68.81301603416703,66.81867621873768,62
CU,铜,SHFE,1.396505203289717,24.132228607797185,26.59249658699398,25.195991383704264,62
I,铁矿石,DCE,-1.026456593888458,21.058978764190723,21.440613814160155,22.467070408048613,93
RB,螺纹钢,SHFE,-1.2423460394528902,14.521746453181676,14.59777746341866,15.84012350287155,93
RU,天然橡胶,SHFE,-6.84768034318936,23.557379583940698,22.44499968083497,29.29268002402433,32
JM,焦煤,DCE,-7.934810086344477,52.09106151797776,47.865604586057685,55.80041467240216,62
