code,name,exchange,skew_25d,atm_iv,put_25d_iv,call_25d_iv,days
AU,黄金,SHFE,4.436671341631204,34.017410452925134,37.506100307103424,33.06942896547222,53
I,铁矿石,DCE,2.718861371784911,21.24720599518968,21.54841126143988,18.82954988965497,84
CU,铜,SHFE,1.9338245838531414,22.058170474974062,24.67358893026291,22.739764346409768,53
AG,白银,SHFE,-0.05139886085335377,71.37100629824968,70.44385376092984,70.4952526217832,53
RB,螺纹钢,SHFE,-1.103027912981549,12.2139629937023,15.109043644174086,16.212071557155635,84
RU,天然橡胶,SHFE,-3.636029484702135,20.393253294619942,19.85596021997017,23.491989704672307,145
JM,焦煤,DCE,-8.020895374678716,38.06434007686766,34.788838588541566,42.80973396322028,53
