code,name,exchange,skew_25d,atm_iv,put_25d_iv,call_25d_iv,days
AU,黄金,SHFE,2.368881438500189,28.026380615002157,28.96610927968428,26.59722784118409,93
CU,铜,SHFE,0.7926877954170308,19.89714620320625,21.79602928040874,21.003341484991708,93
AG,白银,SHFE,0.26773225609907314,51.624162411175725,51.20497458104691,50.93724232494784,93
RB,螺纹钢,SHFE,-1.1832971307059328,9.8383601210593,11.657585631421451,12.840882762127384,93
RU,天然橡胶,SHFE,-1.410912556834873,21.8218965526102,22.544459528118946,23.95537208495382,62
JM,焦煤,DCE,-1.89820960914534,27.2159116410924,27.246286824315984,29.144496433461324,62
I,铁矿石,DCE,-3.0479126668644163,15.310701134833574,17.106170290312896,20.154082957177312,93
