code,name,exchange,skew_25d,atm_iv,put_25d_iv,call_25d_iv,days
AU,黄金,SHFE,2.2095462170154185,25.421921863645853,26.887623725748256,24.678077508732837,79
I,铁矿石,DCE,2.1899166705495503,17.640671258736962,19.35866349894862,17.16874682839907,110
AG,白银,SHFE,-0.509930076116305,52.48819089442556,52.14052869439082,52.65045877050712,79
RB,螺纹钢,SHFE,-1.987823991739356,11.242107894393238,12.901217480603448,14.889041472342804,49
JM,焦煤,DCE,-2.9805023987927513,29.598914807690413,28.61182649801049,31.59232889680324,110
RU,天然橡胶,SHFE,-3.2997841465588422,22.53171573572996,20.510628440573907,23.81041258713275,110
CU,铜,SHFE,-3.7035016310963407,20.96019752171149,20.95971200620456,24.6632136373009,79
