code,name,exchange,skew_25d,atm_iv,put_25d_iv,call_25d_iv,days
I,铁矿石,DCE,6.37875966456977,14.954137400187223,25.8344288285376,19.45566916396783,85
AG,白银,SHFE,-1.6720430760041012,82.9563275693472,79.99712440424797,81.66916748025207,24
RB,螺纹钢,SHFE,-2.393338877126965,15.120790388157316,14.669883525744748,17.063222402871713,116
AU,黄金,SHFE,-3.402962091587625,32.906889180436835,30.547884915837592,33.95084700742522,85
RU,天然橡胶,SHFE,-3.9473864789541864,23.85300470916153,21.953215729686853,25.90060220864104,55
CU,铜,SHFE,-4.37910851415927,29.65868853892858,29.65868853892858,34.03779705308785,85
JM,焦煤,DCE,-6.178159156295102,36.404459143851234,32.9356636745603,39.113822830855405,55
