code,name,exchange,atm_iv,days
AG,白银,SHFE,46.030042122413896,74
AU,黄金,SHFE,25.691264844384943,74
JM,焦煤,DCE,23.82671302605463,42
RU,天然橡胶,SHFE,17.365992180121093,43
CU,铜,SHFE,16.755541462525514,74
I,铁矿石,DCE,15.17958534986976,73
RB,螺纹钢,SHFE,10.276022695455962,74
