code,name,exchange,atm_iv,days
AG,白银,SHFE,68.63614434065045,68
JM,焦煤,DCE,42.369391560073325,68
AU,黄金,SHFE,30.42705951226605,68
CU,铜,SHFE,28.491926545792374,68
I,铁矿石,DCE,24.181872147299824,68
RU,天然橡胶,SHFE,20.458354343139813,38
RB,螺纹钢,SHFE,14.373590985687306,99
