code,name,exchange,skew_25d,atm_iv,put_25d_iv,call_25d_iv,days
AU,黄金,SHFE,3.12637891335854,26.179490398282702,28.08740131933109,24.96102240597255,106
I,铁矿石,DCE,0.34901192829189753,15.190065323703914,16.85784670805088,16.50883477975898,75
RB,螺纹钢,SHFE,-0.802495961278872,10.860095403687374,11.64433459883843,12.446830560117302,106
AG,白银,SHFE,-0.9074834381942409,48.33853947623476,46.93775953324639,47.84524297144063,106
CU,铜,SHFE,-2.111321120589899,18.48119120775543,18.85771529669869,20.96903641728859,75
JM,焦煤,DCE,-2.4311797587665254,32.31710726919747,31.89817030620536,34.329350064971884,75
RU,天然橡胶,SHFE,-3.689391437087192,20.894307855835912,19.42339598961623,23.11278742670342,75
