code,name,exchange,atm_iv,days
AG,白银,SHFE,47.67135110471957,87
JM,焦煤,DCE,27.36546114344256,56
AU,黄金,SHFE,27.21193230146284,87
RU,天然橡胶,SHFE,19.940021242888704,56
CU,铜,SHFE,19.05202644711133,87
I,铁矿石,DCE,17.585525507343128,87
RB,螺纹钢,SHFE,9.550247518649607,87
