code,name,exchange,atm_iv,days
AG,白银,SHFE,80.97224228212767,52
JM,焦煤,DCE,39.01994297937819,52
AU,黄金,SHFE,34.4924349059208,82
CU,铜,SHFE,26.073130617520253,52
RU,天然橡胶,SHFE,23.476508742903583,52
I,铁矿石,DCE,17.969587230575954,82
RB,螺纹钢,SHFE,16.41370639758159,113
