code,name,exchange,atm_iv,days
AG,白银,SHFE,70.80460489913568,46
JM,焦煤,DCE,43.99527429351867,46
AU,黄金,SHFE,30.962047263919395,76
RU,天然橡胶,SHFE,27.83853616343462,46
CU,铜,SHFE,26.41585848013855,46
I,铁矿石,DCE,17.734748797465983,76
RB,螺纹钢,SHFE,15.18706333554674,107
