code,name,exchange,skew_25d,atm_iv,put_25d_iv,call_25d_iv,days
AG,白银,SHFE,-0.436163630839431,70.80460489913568,70.36844126829625,70.80460489913568,46
AU,黄金,SHFE,-1.7433093912538808,30.962047263919395,32.13345958550946,33.876768976763344,76
CU,铜,SHFE,-2.137922541355479,26.41585848013855,27.23211514641792,29.3700376877734,46
I,铁矿石,DCE,-3.827334069463884,17.734748797465983,18.86931332558254,22.696647395046423,76
RB,螺纹钢,SHFE,-4.221995018181424,15.18706333554674,13.943258301949363,18.165253320130788,107
RU,天然橡胶,SHFE,-8.557412715678982,27.83853616343462,24.00360370062769,32.56101641630667,46
JM,焦煤,DCE,-12.100036250505454,43.99527429351867,39.03602960979866,51.136065860304114,46
