code,name,exchange,skew_25d,atm_iv,put_25d_iv,call_25d_iv,days
I,铁矿石,DCE,0.32407176462945486,19.270045622094337,19.33790725007635,19.013835485446894,132
AU,黄金,SHFE,0.0019229546932884034,29.160615257779423,29.160615257779423,29.158692303086134,101
AG,白银,SHFE,-0.8195776000889765,57.526875807433285,57.8682278519276,58.687805452016576,40
RU,天然橡胶,SHFE,-2.099329725180233,20.041721920596327,20.007168476653412,22.106498201833645,132
RB,螺纹钢,SHFE,-4.131645318861954,11.231858408569323,11.68694903477993,15.818594353641885,71
CU,铜,SHFE,-4.54535271791223,24.0241992769894,22.44720616557592,26.99255888348815,71
JM,焦煤,DCE,-8.831043526246756,31.224490011738155,27.534482847862822,36.36552637410958,40
