code,name,exchange,atm_iv,days
AG,白银,SHFE,46.90224763306766,68
AU,黄金,SHFE,25.93630976294673,68
JM,焦煤,DCE,25.1224761832702,68
CU,铜,SHFE,17.614182836435635,98
RU,天然橡胶,SHFE,17.440854503411078,37
I,铁矿石,DCE,15.395360029912885,68
RB,螺纹钢,SHFE,9.791154756043378,68
