code,name,exchange,skew_25d,atm_iv,put_25d_iv,call_25d_iv,days
AG,白银,SHFE,1.2574436165660643,44.78154308684966,45.68999167649299,44.43254805992692,80
AU,黄金,SHFE,0.967776339375451,23.83108372894929,25.4735980414017,24.50582170202625,80
JM,焦煤,DCE,0.2832780732114806,26.43368245227038,27.760611674764185,27.477333601552704,49
CU,铜,SHFE,0.14164113004635226,16.5375987011517,18.02078886012225,17.879147730075896,80
I,铁矿石,DCE,-0.09080780396973864,15.901318124503003,17.1495521998428,17.24036000381254,80
RU,天然橡胶,SHFE,-0.7450726243592314,18.46307151559607,20.58772105383653,21.33279367819576,49
RB,螺纹钢,SHFE,-2.356462360296316,9.900375722018682,11.02264259620846,13.379104956504776,80
