code,name,exchange,skew_25d,atm_iv,put_25d_iv,call_25d_iv,days
AU,黄金,SHFE,2.9606563667769663,25.05765034484263,26.92222446460909,23.961568097832124,95
AG,白银,SHFE,0.29043343833605206,46.22719965438857,46.4466173442943,46.15618390595825,95
I,铁矿石,DCE,-0.1970483666951388,15.013811933950372,16.12406553152631,16.321113898221448,95
CU,铜,SHFE,-1.6386931240367986,19.482990701120126,19.857674657468785,21.496367781505583,95
JM,焦煤,DCE,-1.7795249995892775,27.55092831307589,27.982721649585603,29.76224664917488,64
RB,螺纹钢,SHFE,-2.245155522567119,9.997119419894608,11.234419167698194,13.479574690265313,95
RU,天然橡胶,SHFE,-2.787019015067745,23.32984619046879,21.790424895736702,24.577443910804448,64
