code,name,exchange,skew_25d,atm_iv,put_25d_iv,call_25d_iv,days
AU,黄金,SHFE,1.2662535193001148,24.6382866269993,25.29445240453181,24.028198885231696,116
AG,白银,SHFE,-0.453335921905186,45.02178043402751,45.099010077123545,45.55234599902873,116
I,铁矿石,DCE,-0.744444030876668,15.180731998833233,16.321389359344813,17.06583339022148,85
RB,螺纹钢,SHFE,-1.8127882144253142,10.822014004787937,11.198860996244342,13.011649210669656,116
JM,焦煤,DCE,-1.8615514363073373,30.37535009573082,29.96401659059372,31.825568026901056,85
CU,铜,SHFE,-2.875468121781605,19.347168336487897,19.04593310061024,21.921401222391847,85
RU,天然橡胶,SHFE,-3.161992129004581,21.21441917216295,20.52315911668654,23.68515124569112,85
