code,name,exchange,atm_iv,days
AG,白银,SHFE,84.84638671645446,29
JM,焦煤,DCE,38.13839208202519,60
AU,黄金,SHFE,33.2333857392839,90
CU,铜,SHFE,28.42394916927994,60
RU,天然橡胶,SHFE,24.52380411608488,60
I,铁矿石,DCE,17.238874882451665,60
RB,螺纹钢,SHFE,14.94720341457584,60
