code,name,exchange,atm_iv,days
AG,白银,SHFE,52.80900708415008,76
JM,焦煤,DCE,30.21324208515609,107
AU,黄金,SHFE,25.24574606357129,76
RU,天然橡胶,SHFE,22.52936597240702,107
CU,铜,SHFE,20.916442036042245,76
I,铁矿石,DCE,18.44087900429973,107
RB,螺纹钢,SHFE,10.788520229437136,46
