code,name,exchange,atm_iv,days
AG,白银,SHFE,45.74765197767455,94
JM,焦煤,DCE,27.11993988983961,63
AU,黄金,SHFE,24.680667426592453,94
RU,天然橡胶,SHFE,22.653344607965504,63
CU,铜,SHFE,19.34445415123003,94
I,铁矿石,DCE,15.02306144501148,94
RB,螺纹钢,SHFE,9.895751197580664,94
