code,name,exchange,skew_25d,atm_iv,put_25d_iv,call_25d_iv,days
AG,白银,SHFE,2.548636092253197,44.381083705516126,47.56143910488608,45.01280301263288,38
AU,黄金,SHFE,1.9816001443339566,24.418314152107367,25.48755158120755,23.505951436873595,100
I,铁矿石,DCE,-0.6332384242787903,15.59224531323771,17.141486358665162,17.774724782943952,69
RB,螺纹钢,SHFE,-0.6359795126001586,10.31023597660716,12.129408220950012,12.76538773355017,100
CU,铜,SHFE,-1.7586140104439245,19.41501635531312,18.91241795566367,20.671031966107595,100
JM,焦煤,DCE,-2.196638889868133,29.776854397763078,29.064805861885574,31.261444751753707,69
RU,天然橡胶,SHFE,-3.541588246536211,21.69694598312747,20.85378546336446,24.39537370990067,69
