code,name,exchange,skew_25d,atm_iv,put_25d_iv,call_25d_iv,days
AU,黄金,SHFE,4.535556407670313,33.30304486851002,36.71163199906397,32.176075591393655,49
CU,铜,SHFE,2.7701986545645774,21.40262003932388,24.415383602369307,21.64518494780473,49
I,铁矿石,DCE,0.41269597366660093,20.63038468018027,21.991038664918385,21.578342691251784,80
AG,白银,SHFE,-0.6804642155725134,68.69454265954718,68.71989051830931,69.40035473388183,49
RB,螺纹钢,SHFE,-1.3066617246125762,12.663169390755549,14.170761041377776,15.477422765990353,80
RU,天然橡胶,SHFE,-2.7825138815670805,19.99460670903412,18.93438007132319,21.71689395289027,141
JM,焦煤,DCE,-8.874716797633155,37.65542945469958,34.45016768729187,43.32488448492502,49
