code,name,exchange,atm_iv,days
AG,白银,SHFE,50.7482762283697,92
AU,黄金,SHFE,27.033835094115744,92
JM,焦煤,DCE,26.938275343903147,61
RU,天然橡胶,SHFE,22.55732182394498,61
CU,铜,SHFE,20.023629013466028,92
I,铁矿石,DCE,16.060011489008037,92
RB,螺纹钢,SHFE,9.567159715328016,92
