code,name,exchange,skew_25d,atm_iv,put_25d_iv,call_25d_iv,days
AU,黄金,SHFE,3.692170613316218,24.142723331205406,27.69665816502635,24.00448755171013,47
AG,白银,SHFE,0.2362391138530171,46.89051694203803,46.62921572630951,46.39297661245649,109
I,铁矿石,DCE,-0.5910784718662025,14.783090138356828,15.53427915345184,16.125357625318042,78
RB,螺纹钢,SHFE,-0.88376555133196,11.285485587519029,12.469919235751291,13.353684787083251,109
RU,天然橡胶,SHFE,-2.2756367742986185,20.944330821450347,20.05954441495715,22.335181189255767,78
JM,焦煤,DCE,-3.8780586626155724,30.67093401991055,31.36298859153765,35.24104725415322,78
CU,铜,SHFE,-6.064230242997809,18.06985186284413,18.75540659192359,24.8196368349214,78
