code,name,exchange,skew_25d,atm_iv,put_25d_iv,call_25d_iv,days
AU,黄金,SHFE,2.798601447946716,22.37251752008189,25.309446355028356,22.51084490708164,53
AG,白银,SHFE,1.335846552012093,45.924774328766254,47.3766541618075,46.04080760979541,53
JM,焦煤,DCE,-0.6812033981539471,31.783988300020333,31.22716964311801,31.908373041271958,84
I,铁矿石,DCE,-1.2873699067246438,15.19067684786904,15.625394734856398,16.91276464158104,84
RB,螺纹钢,SHFE,-1.8992864269167296,9.976598044508307,11.17112695841262,13.07041338532935,115
RU,天然橡胶,SHFE,-2.706829794243255,20.16721493466181,20.07236101481247,22.779190809055724,84
CU,铜,SHFE,-3.87170546344268,19.11330592221956,18.61863420428574,22.49033966772842,84
