code,name,exchange,skew_25d,atm_iv,put_25d_iv,call_25d_iv,days
AU,黄金,SHFE,1.54361954100494,24.383725934298088,26.74741225228388,25.20379271127894,79
I,铁矿石,DCE,1.308161515907095,15.408808694161404,17.237387802273833,15.929226286366738,79
AG,白银,SHFE,0.38756225077167983,46.53877690950474,47.40046069344629,47.01289844267461,79
CU,铜,SHFE,0.37475408268777244,16.65053664676153,18.23716534517118,17.86241126248341,79
JM,焦煤,DCE,0.09851898501707623,25.336901067596614,27.027088367369306,26.92856938235223,48
RB,螺纹钢,SHFE,-0.46883203607388957,10.039814524637825,12.328245691550803,12.797077727624693,79
RU,天然橡胶,SHFE,-0.6213892511493881,18.51655330790774,19.61195783006369,20.23334708121308,48
