code,name,exchange,skew_25d,atm_iv,put_25d_iv,call_25d_iv,days
I,铁矿石,DCE,0.3376213489464952,16.74703082150438,19.506815218927255,19.16919386998076,59
AU,黄金,SHFE,-3.0067563620690123,29.940072449735045,28.344619479866328,31.35137584193534,89
RB,螺纹钢,SHFE,-3.295302847066905,13.369163393355532,15.191883935990967,18.487186783057872,59
AG,白银,SHFE,-3.6731427277689903,78.14988009326082,76.9475511644664,80.6206938922354,28
RU,天然橡胶,SHFE,-3.7988914668014715,22.78129618385336,21.218065073367057,25.01695654016853,59
JM,焦煤,DCE,-5.495040363152398,34.584121240669326,32.92261936260616,38.41765972575856,59
CU,铜,SHFE,-6.455085607915539,27.615043679865117,24.28883412596495,30.74391973388049,59
