code,name,exchange,atm_iv,days
AG,白银,SHFE,46.30945195715152,52
JM,焦煤,DCE,31.855660158836013,83
AU,黄金,SHFE,22.320343666611723,52
RU,天然橡胶,SHFE,20.157201750713924,83
CU,铜,SHFE,17.51417656460563,83
I,铁矿石,DCE,14.827892357136216,83
RB,螺纹钢,SHFE,10.4542192371209,114
