code,name,exchange,skew_25d,atm_iv,put_25d_iv,call_25d_iv,days
AU,黄金,SHFE,1.401691993480803,25.996755601732712,27.637041232439238,26.235349238958435,86
AG,白银,SHFE,0.664782463106647,46.84687009580738,47.92924227283179,47.264459809725146,86
CU,铜,SHFE,0.6321861807805185,18.842989548419972,20.40628265615139,19.77409647537087,86
I,铁矿石,DCE,-0.4587557826259321,19.702238459478878,17.74296751483597,18.201723297461903,86
RU,天然橡胶,SHFE,-0.9920735732135135,19.84424499008937,21.547999274628022,22.540072847841536,55
JM,焦煤,DCE,-1.5763018405571678,27.399762199188025,28.302491783382987,29.878793623940155,55
RB,螺纹钢,SHFE,-1.7243370139151466,9.17716383340265,12.006831632462449,13.731168646377595,86
