code,name,exchange,skew_25d,atm_iv,put_25d_iv,call_25d_iv,days
AU,黄金,SHFE,2.250059106135005,22.08047899753961,24.31796391440524,22.067904808270235,62
I,铁矿石,DCE,0.2812370938435471,15.427005592951843,16.54854486552683,16.26730777168328,93
AG,白银,SHFE,-1.5989745140859881,49.169137736002256,48.812984235686855,50.41195874977284,62
RU,天然橡胶,SHFE,-2.4896103128608864,20.134821150681024,19.502127732587194,21.99173804544808,93
RB,螺纹钢,SHFE,-2.8383823743925802,11.05337477141992,11.073817464704137,13.912199839096717,124
CU,铜,SHFE,-4.0096099639940626,20.87738081616569,19.33124440251652,23.340854366510584,62
JM,焦煤,DCE,-19.579099851982967,44.407840244949504,34.414428213719475,53.99352806570244,93
