code,name,exchange,atm_iv,days
AG,白银,SHFE,45.98789026490613,66
JM,焦煤,DCE,25.0713996438936,66
AU,黄金,SHFE,23.64985948929602,66
RU,天然橡胶,SHFE,17.88448649308539,35
CU,铜,SHFE,17.204989229143884,96
I,铁矿石,DCE,16.55671183852764,96
RB,螺纹钢,SHFE,9.96545973329924,66
