code,name,exchange,atm_iv,days
AG,白银,SHFE,48.7267837646147,110
JM,焦煤,DCE,33.07827999047651,79
AU,黄金,SHFE,26.604489818653686,110
RU,天然橡胶,SHFE,20.456653254018683,79
CU,铜,SHFE,18.55809915207428,79
I,铁矿石,DCE,15.207471307286232,79
RB,螺纹钢,SHFE,10.712844941047832,110
