code,name,exchange,skew_25d,atm_iv,put_25d_iv,call_25d_iv,days
I,铁矿石,DCE,1.6356941782501266,17.08477757122358,17.85332879986701,16.217634621616885,94
AU,黄金,SHFE,1.2930574731780275,23.587508749264032,25.00672148896153,23.713664015783504,64
AG,白银,SHFE,-0.23091810947056501,46.67688792381679,46.91334926783685,47.144267377307415,64
CU,铜,SHFE,-0.9889951783041866,16.911514548106524,17.452261276319792,18.44125645462398,94
RB,螺纹钢,SHFE,-1.021674338043825,9.843249791718735,12.802340531410811,13.824014869454636,64
JM,焦煤,DCE,-1.208050102641426,24.565154340318237,25.271136153475386,26.47918625611681,64
RU,天然橡胶,SHFE,-1.7900257770219206,17.823733692481383,20.4065481576914,22.19657393471332,33
