code,name,exchange,atm_iv,days
AG,白银,SHFE,47.11018385134928,58
JM,焦煤,DCE,28.51732440071335,89
AU,黄金,SHFE,23.399574207430952,120
RU,天然橡胶,SHFE,19.55155758833936,89
CU,铜,SHFE,17.860715986311483,89
I,铁矿石,DCE,15.238537726928516,89
RB,螺纹钢,SHFE,10.538917282489823,120
