code,name,exchange,skew_25d,atm_iv,put_25d_iv,call_25d_iv,days
AG,白银,SHFE,1.1946727112359525,47.11018385134928,47.51975575481665,46.3250830435807,58
AU,黄金,SHFE,0.6912739111951574,23.399574207430952,24.22727659137217,23.536002680177013,120
I,铁矿石,DCE,-0.5291618700898937,15.238537726928516,16.1863750313164,16.715536901406292,89
CU,铜,SHFE,-1.3845556209192509,17.860715986311483,18.690571065817966,20.075126686737217,89
RU,天然橡胶,SHFE,-2.3484393951474125,19.55155758833936,19.351982881354367,21.70042227650178,89
RB,螺纹钢,SHFE,-2.5856184754489053,10.538917282489823,10.83881076101332,13.424429236462226,120
JM,焦煤,DCE,-4.908749864792238,28.51732440071335,25.63652939650608,30.54527926129832,89
