code,name,exchange,skew_25d,atm_iv,put_25d_iv,call_25d_iv,days
AU,黄金,SHFE,1.7534800353017097,24.626759316740102,26.28830815363018,24.53482811832847,81
I,铁矿石,DCE,1.0180868285434208,17.710084359876525,18.77696790377454,17.75888107523112,112
CU,铜,SHFE,0.2217153285238389,19.80281817406141,20.02453350258525,19.80281817406141,81
AG,白银,SHFE,-0.8668663814465773,48.07282765938336,48.1654503921706,49.032316773617175,81
RB,螺纹钢,SHFE,-2.4586093736906314,11.368032426407874,12.84887207307404,15.30748144676467,51
JM,焦煤,DCE,-2.5695490500283675,31.37205531073596,29.666128563331892,32.23567761336026,112
RU,天然橡胶,SHFE,-3.8105389174748687,23.098935375115257,20.43189847302008,24.24243739049495,112
