code,name,exchange,atm_iv,days
AG,白银,SHFE,63.16929631776874,48
JM,焦煤,DCE,38.94313055282018,48
AU,黄金,SHFE,33.51763544031302,109
CU,铜,SHFE,21.65381401828664,79
RU,天然橡胶,SHFE,19.59322953319578,140
I,铁矿石,DCE,18.79076008609814,79
RB,螺纹钢,SHFE,11.696812216905784,79
