code,name,exchange,atm_iv,days
AG,白银,SHFE,48.07282765938336,81
JM,焦煤,DCE,31.37205531073596,112
AU,黄金,SHFE,24.626759316740102,81
RU,天然橡胶,SHFE,23.098935375115257,112
CU,铜,SHFE,19.80281817406141,81
I,铁矿石,DCE,17.710084359876525,112
RB,螺纹钢,SHFE,11.368032426407874,51
