code,name,exchange,atm_iv,days
AG,白银,SHFE,69.87980204699839,57
JM,焦煤,DCE,46.28074702613596,57
AU,黄金,SHFE,35.17977248864761,57
CU,铜,SHFE,23.23275225260871,57
RU,天然橡胶,SHFE,22.50247467769416,149
I,铁矿石,DCE,20.94127991632621,57
RB,螺纹钢,SHFE,12.95133979033962,88
