code,name,exchange,atm_iv,days
AG,白银,SHFE,45.65319326139551,55
JM,焦煤,DCE,31.43902585920729,86
AU,黄金,SHFE,23.855499862908225,117
RU,天然橡胶,SHFE,20.17881683532066,86
CU,铜,SHFE,17.46975094997603,86
I,铁矿石,DCE,15.257840731489424,86
RB,螺纹钢,SHFE,10.97275682012385,117
