code,name,exchange,atm_iv,days
AG,白银,SHFE,51.98486022804555,67
AU,黄金,SHFE,24.521844574826943,67
JM,焦煤,DCE,24.268573915878715,98
RU,天然橡胶,SHFE,19.958856381133025,98
CU,铜,SHFE,19.40264883157076,67
I,铁矿石,DCE,14.530243309963137,98
RB,螺纹钢,SHFE,10.832547612486955,129
