code,name,exchange,skew_25d,atm_iv,put_25d_iv,call_25d_iv,days
I,铁矿石,DCE,-0.04760366467908028,17.238874882451665,20.017819824616844,20.065423489295924,60
AG,白银,SHFE,-2.538754421196316,84.84638671645445,83.1831556399781,85.72191006117441,29
RB,螺纹钢,SHFE,-3.114623479360997,14.94720341457584,15.89116202533367,19.005785504694668,60
RU,天然橡胶,SHFE,-5.413989878680418,24.52380411608488,21.62481137272669,27.038801251407108,60
JM,焦煤,DCE,-6.706334444431285,38.13839208202519,35.892010047040245,42.59834449147153,60
CU,铜,SHFE,-7.0680856446553655,28.42394916927994,25.57023008849838,32.638315733153746,60
AU,黄金,SHFE,-8.325073574407803,33.2333857392839,28.62188066878182,36.94695424318962,90
