code,name,exchange,atm_iv,days
AG,白银,SHFE,51.8580001028982,34
JM,焦煤,DCE,33.76054611515962,126
AU,黄金,SHFE,23.69880599514696,34
RU,天然橡胶,SHFE,22.93304764569738,126
CU,铜,SHFE,19.93130031125883,65
I,铁矿石,DCE,12.686980793799387,65
RB,螺纹钢,SHFE,10.50911986337785,65
