code,name,exchange,atm_iv,days
AG,白银,SHFE,48.18239235115024,67
AU,黄金,SHFE,24.396475544820337,67
JM,焦煤,DCE,22.66595785226972,67
RU,天然橡胶,SHFE,18.049523683457043,36
CU,铜,SHFE,16.84792175665095,97
I,铁矿石,DCE,16.266485564619096,97
RB,螺纹钢,SHFE,9.953302727671971,67
