code,name,exchange,skew_25d,atm_iv,put_25d_iv,call_25d_iv,days
AG,白银,SHFE,4.373356997430733,71.2677260428793,73.08104902226734,68.7076920248366,67
AU,黄金,SHFE,1.2619752057997005,30.946232238724185,32.177667927446045,30.915692721646344,67
CU,铜,SHFE,0.6410728659722658,26.17404779198671,27.35373595036651,26.712663084394244,67
I,铁矿石,DCE,-1.9953449564913512,19.636543984895923,20.479313352641874,22.474658309133225,67
RB,螺纹钢,SHFE,-2.6154972612721714,15.00367994179551,15.658959734420815,18.274456995692987,98
JM,焦煤,DCE,-6.206179014785128,43.82069034145347,40.287396499917584,46.49357551470271,67
RU,天然橡胶,SHFE,-7.228781233470041,20.031605821855127,20.432676659994968,27.66145789346501,37
