code,name,exchange,atm_iv,days
AG,白银,SHFE,70.84246781214046,51
JM,焦煤,DCE,44.5327694828953,51
AU,黄金,SHFE,30.47083717683992,81
CU,铜,SHFE,26.64450596289867,51
RU,天然橡胶,SHFE,24.321072840314685,51
I,铁矿石,DCE,20.13404873251857,81
RB,螺纹钢,SHFE,15.56229747218158,112
