code,name,exchange,skew_25d,atm_iv,put_25d_iv,call_25d_iv,days
AU,黄金,SHFE,3.0282554705213407,26.604489818653686,27.980383007168268,24.952127536646927,110
AG,白银,SHFE,0.9523651963251822,48.7267837646147,48.7267837646147,47.77441856828952,110
JM,焦煤,DCE,0.2377082812386675,33.07827999047651,36.25549209203652,36.01778381079785,79
CU,铜,SHFE,-1.5485437713714596,18.55809915207428,19.581775204304336,21.130318975675795,79
I,铁矿石,DCE,-1.5582128231562127,15.207471307286232,15.176141936664768,16.73435475982098,79
RU,天然橡胶,SHFE,-1.5758592555059536,20.456653254018683,19.99554624150999,21.571405497015945,79
RB,螺纹钢,SHFE,-2.1853231133148103,10.712844941047832,11.41921864929074,13.60454176260555,110
