code,name,exchange,atm_iv,days
AG,白银,SHFE,70.14770191080851,55
JM,焦煤,DCE,38.72570379595352,55
AU,黄金,SHFE,37.2071436220932,116
CU,铜,SHFE,23.025099537566803,86
I,铁矿石,DCE,19.36251224325657,55
RU,天然橡胶,SHFE,19.051453427745805,147
RB,螺纹钢,SHFE,12.359681225309885,86
