code,name,exchange,atm_iv,days
AG,白银,SHFE,68.69454265954718,49
JM,焦煤,DCE,37.65542945469958,49
AU,黄金,SHFE,33.30304486851002,49
CU,铜,SHFE,21.40262003932388,49
I,铁矿石,DCE,20.63038468018027,80
RU,天然橡胶,SHFE,19.534538302646546,141
RB,螺纹钢,SHFE,12.410174333892426,80
