code,name,exchange,atm_iv,days
AG,白银,SHFE,52.48819089442556,79
JM,焦煤,DCE,29.598914807690413,110
AU,黄金,SHFE,25.421921863645853,79
RU,天然橡胶,SHFE,22.53171573572996,110
CU,铜,SHFE,20.96019752171149,79
I,铁矿石,DCE,17.640671258736962,110
RB,螺纹钢,SHFE,11.242107894393238,49
