code,name,exchange,skew_25d,atm_iv,put_25d_iv,call_25d_iv,days
AU,黄金,SHFE,4.224230779053034,23.31186207950085,26.900059926101218,22.675829147048184,39
AG,白银,SHFE,0.2045687712950297,45.572997029734175,46.63421277961652,46.42964400832149,39
I,铁矿石,DCE,-0.48013122123150964,15.217896339135548,16.924340298110856,17.404471519342366,70
JM,焦煤,DCE,-1.260509296607939,29.956015010338007,30.30190945020763,31.56241874681557,70
RB,螺纹钢,SHFE,-2.036415091754762,10.572592768601917,11.109101806611022,13.145516898365784,101
CU,铜,SHFE,-2.6058111023495165,19.184422701306257,19.45873651105548,22.064547613404997,101
RU,天然橡胶,SHFE,-2.616179642883921,22.80971636137651,21.75897757705277,24.375157219936693,70
