code,name,exchange,skew_25d,atm_iv,put_25d_iv,call_25d_iv,days
AU,黄金,SHFE,2.4894603508823465,35.17977248864761,37.65724987464883,35.16778952376648,57
CU,铜,SHFE,1.606264033255151,23.23275225260871,25.74188975466384,24.13562572140869,57
AG,白银,SHFE,1.090433795984481,69.87980204699839,72.58861498336898,71.4981811873845,57
I,铁矿石,DCE,-2.287133218733242,20.94127991632621,21.43035732275908,23.71749054149232,57
RU,天然橡胶,SHFE,-2.8741592620047314,22.50247467769416,21.533567043028043,24.407726305032774,149
RB,螺纹钢,SHFE,-3.600908743041993,12.95133979033962,14.193586295575804,17.794495038617796,88
JM,焦煤,DCE,-7.359416862461757,46.28074702613596,41.863139481707314,49.22255634416907,57
