code,name,exchange,atm_iv,days
AG,白银,SHFE,68.46707415939423,60
JM,焦煤,DCE,46.7419218327634,60
AU,黄金,SHFE,33.28471567628829,60
CU,铜,SHFE,23.471383050974776,60
I,铁矿石,DCE,23.14869592510041,91
RU,天然橡胶,SHFE,21.76693732074789,30
RB,螺纹钢,SHFE,13.62792720779223,91
