code,name,exchange,atm_iv,days
AG,白银,SHFE,74.78236200371629,58
JM,焦煤,DCE,35.60332980200512,58
AU,黄金,SHFE,27.993618291169213,88
CU,铜,SHFE,26.46335718004024,88
RU,天然橡胶,SHFE,22.767333106608582,58
I,铁矿石,DCE,19.7072978590304,88
RB,螺纹钢,SHFE,14.865540526467475,119
