code,name,exchange,skew_25d,atm_iv,put_25d_iv,call_25d_iv,days
AU,黄金,SHFE,1.9744719872266536,25.353691460533835,26.60449002775706,24.630018040530405,73
AG,白银,SHFE,0.9144061222906714,45.24943429928751,45.91448348640853,45.00007736411786,73
CU,铜,SHFE,0.3203388517503569,16.180482905628185,18.460165203855976,18.13982635210562,73
JM,焦煤,DCE,0.15569096550184724,23.82671302605463,25.58447142729493,25.42878046179308,42
RU,天然橡胶,SHFE,0.10944909456066299,17.915471184605675,20.86644505543596,20.756995960875297,42
I,铁矿石,DCE,-0.11232715958364281,15.17958534986976,16.703574163437754,16.815901323021397,73
RB,螺纹钢,SHFE,-2.311000543863388,9.996553230108418,11.619089647369844,13.930090191233232,73
