code,name,exchange,atm_iv,days
AG,白银,SHFE,45.924774328766254,53
JM,焦煤,DCE,31.783988300020333,84
AU,黄金,SHFE,22.37251752008189,53
RU,天然橡胶,SHFE,20.16721493466181,84
CU,铜,SHFE,19.11330592221956,84
I,铁矿石,DCE,15.19067684786904,84
RB,螺纹钢,SHFE,9.976598044508307,115
