code,name,exchange,skew_25d,atm_iv,put_25d_iv,call_25d_iv,days
AU,黄金,SHFE,0.8875072495536642,23.855499862908225,24.74300711246189,23.855499862908225,117
AG,白银,SHFE,-0.03126428286710592,45.65319326139551,46.64695304691397,46.67821732978108,55
I,铁矿石,DCE,-1.1294132127737093,15.257840731489424,15.841009303625004,16.970422516398713,86
RB,螺纹钢,SHFE,-1.3475948660597776,10.97275682012385,11.621658872589617,12.969253738649394,117
JM,焦煤,DCE,-1.9551779040611237,31.43902585920729,30.460840442494813,32.41601834655594,86
RU,天然橡胶,SHFE,-2.737873340139682,20.17881683532066,20.30555178853241,23.04342512867209,86
CU,铜,SHFE,-3.4340174562501566,17.46975094997603,18.29428085839814,21.728298314648296,86
