code,name,exchange,skew_25d,atm_iv,put_25d_iv,call_25d_iv,days
AU,黄金,SHFE,2.1396745324854187,27.033835094115744,28.20828083527347,26.06860630278805,92
CU,铜,SHFE,1.2327153975138145,20.023629013466028,21.471612577378952,20.238897179865138,92
AG,白银,SHFE,0.9119119956223045,50.7482762283697,51.02410815570069,50.11219616007838,92
I,铁矿石,DCE,0.0756761490894533,16.060011489008037,17.09031944091633,17.014643291826875,92
RU,天然橡胶,SHFE,-0.7593124674077529,22.55732182394498,23.207912898830624,23.967225366238377,61
RB,螺纹钢,SHFE,-1.791740946910565,9.567159715328016,11.2073578292523,12.999098776162866,92
JM,焦煤,DCE,-3.2312699328912657,26.938275343903147,26.996506078777983,30.22777601166925,61
