code,name,exchange,atm_iv,days
AG,白银,SHFE,66.5843108965398,70
JM,焦煤,DCE,44.98316441672862,40
AU,黄金,SHFE,26.66314701540325,70
RU,天然橡胶,SHFE,25.60704487209232,40
CU,铜,SHFE,25.45222230997637,70
I,铁矿石,DCE,23.882123682474692,70
RB,螺纹钢,SHFE,14.151098131661715,101
