code,name,exchange,atm_iv,days
AG,白银,SHFE,45.62521631936672,72
AU,黄金,SHFE,25.50787483170191,72
JM,焦煤,DCE,23.82671302605463,42
RU,天然橡胶,SHFE,17.680706476153937,41
CU,铜,SHFE,16.60072765916962,72
I,铁矿石,DCE,15.17958534986976,73
RB,螺纹钢,SHFE,9.605934229350794,72
