code,name,exchange,atm_iv,days
AG,白银,SHFE,56.021198414639294,39
JM,焦煤,DCE,31.740318786348237,39
AU,黄金,SHFE,29.913752730718667,100
CU,铜,SHFE,21.36622149722141,70
RU,天然橡胶,SHFE,19.71896279090039,131
I,铁矿石,DCE,17.830901080119567,131
RB,螺纹钢,SHFE,10.475468978270458,70
