code,name,exchange,atm_iv,days
AG,白银,SHFE,71.2677260428793,67
JM,焦煤,DCE,43.82069034145347,67
AU,黄金,SHFE,30.946232238724185,67
CU,铜,SHFE,26.17404779198671,67
RU,天然橡胶,SHFE,20.031605821855127,37
I,铁矿石,DCE,19.636543984895923,67
RB,螺纹钢,SHFE,15.00367994179551,98
