code,name,exchange,atm_iv,days
AG,白银,SHFE,68.61546968059187,71
JM,焦煤,DCE,47.50866522252013,41
AU,黄金,SHFE,28.69191616836126,71
RU,天然橡胶,SHFE,26.477520091670424,41
CU,铜,SHFE,26.39334616032585,71
I,铁矿石,DCE,21.1407271821436,41
RB,螺纹钢,SHFE,15.376626379504938,102
