code,name,exchange,skew_25d,atm_iv,put_25d_iv,call_25d_iv,days
I,铁矿石,DCE,-0.8868487101539877,17.969587230575954,19.763518879088465,20.650367589242453,82
AG,白银,SHFE,-1.8761538904184363,80.97224228212767,79.09608839170923,80.97224228212767,52
AU,黄金,SHFE,-4.771301244167788,34.4924349059208,30.41446288475626,35.18576412892405,82
RB,螺纹钢,SHFE,-4.923967849780375,16.41370639758159,13.394822061955647,18.318789911736022,113
CU,铜,SHFE,-5.315080864671401,26.073130617520253,24.85614099479653,30.17122185946793,52
RU,天然橡胶,SHFE,-5.9132315791669114,23.476508742903583,22.04415581393541,27.957387393102323,52
JM,焦煤,DCE,-7.685376906073543,39.01994297937819,35.32870482648442,43.01408173255796,52
