code,name,exchange,skew_25d,atm_iv,put_25d_iv,call_25d_iv,days
AU,黄金,SHFE,1.878851951283373,25.691264844384943,27.13521809020587,25.2563661389225,74
AG,白银,SHFE,0.42249575851597143,46.030042122413896,46.57084071344308,46.14834495492711,74
JM,焦煤,DCE,0.15569096550185435,23.82671302605463,25.584471427294936,25.42878046179308,42
CU,铜,SHFE,-0.009986736114349526,16.755541462525514,18.39966064777584,18.40964738389019,74
I,铁矿石,DCE,-0.11232715958364281,15.17958534986976,16.703574163437754,16.815901323021397,73
RU,天然橡胶,SHFE,-0.2655577004149734,17.365992180121093,20.33660503845896,20.602162738873933,43
RB,螺纹钢,SHFE,-1.72816893421159,10.276022695455962,12.163397394922052,13.891566329133642,74
