code,name,exchange,skew_25d,atm_iv,put_25d_iv,call_25d_iv,days
CU,铜,SHFE,5.046048110914622,19.04703455222427,24.852342504312805,19.806294393398183,78
AU,黄金,SHFE,0.9077484998336303,34.954498620802866,35.57233107792055,34.66458257808692,108
AG,白银,SHFE,0.6741833591225728,62.54181301412209,63.039616012922096,62.36543265379952,47
RB,螺纹钢,SHFE,0.135341149913911,10.895103159479026,14.946617163574365,14.811276013660454,78
I,铁矿石,DCE,-1.076019402320643,16.79979649325447,18.910577975698327,19.98659737801897,78
RU,天然橡胶,SHFE,-2.707507892083761,18.52386069986683,18.8816090738971,21.58911696598086,139
JM,焦煤,DCE,-5.768843175543658,35.66066077654233,32.50473824148191,38.27358141702557,47
