code,name,exchange,skew_25d,atm_iv,put_25d_iv,call_25d_iv,days
AG,白银,SHFE,5.521054527292478,70.84246781214046,75.63593380523467,70.1148792779422,51
RB,螺纹钢,SHFE,-2.0339421398711295,15.56229747218158,14.258142701763717,16.292084841634846,112
CU,铜,SHFE,-2.6506938430926894,26.64450596289867,26.2346980545003,28.88539189759299,51
I,铁矿石,DCE,-3.5641851157963593,20.134048732518533,19.764853617382087,23.329038733178447,81
AU,黄金,SHFE,-3.6375826577604222,30.470837176839936,29.414747381175037,33.05233003893546,81
RU,天然橡胶,SHFE,-7.037309659345905,24.321072840314685,22.14379874407774,29.181108403423643,51
JM,焦煤,DCE,-11.630066426888057,44.5327694828953,39.03024875770373,50.66031518459179,51
