code,name,exchange,skew_25d,atm_iv,put_25d_iv,call_25d_iv,days
AU,黄金,SHFE,2.428110164332118,25.29531128243957,27.04116169203189,24.61305152769977,80
I,铁矿石,DCE,1.9164462513227818,17.769887176882516,19.36007936883933,17.443633117516548,111
AG,白银,SHFE,0.4613169367628487,48.68023324392779,49.61702361199741,49.15570667523456,80
RB,螺纹钢,SHFE,-2.3701957865096706,12.339690010822595,13.261662524049273,15.631858310558943,50
RU,天然橡胶,SHFE,-2.510654651568956,23.33483296877239,21.5507019885278,24.061356640096754,111
JM,焦煤,DCE,-2.859800450388647,30.790075973230564,29.92843805146284,32.78823850185149,111
CU,铜,SHFE,-3.5955674358707483,18.87493826791636,18.32078414441349,21.91635158028424,50
