code,name,exchange,skew_25d,atm_iv,put_25d_iv,call_25d_iv,days
AU,黄金,SHFE,3.0954774035833417,24.680667426592453,27.115737008953577,24.020259605370235,94
AG,白银,SHFE,0.5842964393646,45.74765197767455,45.97850899038588,45.39421255102128,94
I,铁矿石,DCE,-0.911175423069162,15.02306144501148,15.881575748965515,16.792751172034677,94
CU,铜,SHFE,-0.9529222605312029,19.34445415123003,20.279446995736013,21.232369256267216,94
RU,天然橡胶,SHFE,-1.6137748523817912,22.653344607965504,22.607997912919977,24.22177276530177,63
RB,螺纹钢,SHFE,-1.8825955421320053,9.895751197580664,11.431566408781888,13.314161950913894,94
JM,焦煤,DCE,-2.884793882309051,27.11993988983961,27.43380961044541,30.318603492754463,63
