code,name,exchange,skew_25d,atm_iv,put_25d_iv,call_25d_iv,days
AU,黄金,SHFE,2.035624797757386,25.93630976294673,27.167153299027326,25.13152850126994,68
AG,白银,SHFE,0.4513045137809968,46.90224763306766,47.29835946168842,46.847054947907424,68
CU,铜,SHFE,0.13768492921609976,17.614182836435635,17.614182836435635,17.476497907219535,98
RU,天然橡胶,SHFE,0.11266593013185755,17.440854503411078,21.21568450990003,21.10301857976817,37
RB,螺纹钢,SHFE,-0.8197187223925742,9.791154756043378,11.50429452872242,12.324013251114994,68
I,铁矿石,DCE,-1.038803415778176,15.395360029912885,16.193172850983785,17.23197626676196,68
JM,焦煤,DCE,-1.5811455148483198,25.1224761832702,24.31691354207836,25.89805905692668,68
