code,name,exchange,atm_iv,days
AG,白银,SHFE,46.05143133291171,40
JM,焦煤,DCE,30.541202621020936,71
AU,黄金,SHFE,24.41384532062487,102
RU,天然橡胶,SHFE,23.392326938281983,71
CU,铜,SHFE,17.837134791395624,71
I,铁矿石,DCE,14.797541631874829,71
RB,螺纹钢,SHFE,10.50900185588346,102
