code,name,exchange,skew_25d,atm_iv,put_25d_iv,call_25d_iv,days
AU,黄金,SHFE,1.9623650666691361,24.396475544820337,26.056729371063447,24.09436430439431,67
CU,铜,SHFE,0.42353108009269036,16.84792175665095,18.058230927959475,17.634699847866784,97
RU,天然橡胶,SHFE,-1.0614459221311492,18.049523683457043,20.051428479084382,21.11287440121553,36
AG,白银,SHFE,-1.5829669979619894,48.18239235115024,46.339609241019495,47.922576238981485,67
I,铁矿石,DCE,-1.751798663300164,16.266485564619096,16.57978506621393,18.331583729514094,97
RB,螺纹钢,SHFE,-1.755756910010124,9.953302727671971,11.776991248691733,13.532748158701857,67
JM,焦煤,DCE,-2.254572156855602,22.66595785226972,24.01082864742368,26.26540080427928,67
