code,name,exchange,skew_25d,atm_iv,put_25d_iv,call_25d_iv,days
AG,白银,SHFE,0.2540461042828497,72.96969588446028,72.40387192323888,72.14982581895603,16
I,铁矿石,DCE,-1.1811003197713141,18.37755381475497,21.675248797615183,22.856349117386497,77
RB,螺纹钢,SHFE,-2.155376170414744,14.68318422703872,17.359244591879424,19.514620762294168,47
AU,黄金,SHFE,-4.124645586372594,28.990928053532585,32.27588161367232,36.40052720004491,16
CU,铜,SHFE,-5.258452584644441,28.01194708542915,26.850815172940283,32.109267757584725,77
RU,天然橡胶,SHFE,-8.520850457156147,28.03731272130389,23.937604805587416,32.45845526274356,47
JM,焦煤,DCE,-11.49437705758502,43.27120734251644,38.30013532725887,49.79451238484389,47
