code,name,exchange,atm_iv,days
AG,白银,SHFE,62.54181301412209,47
JM,焦煤,DCE,35.66066077654233,47
AU,黄金,SHFE,34.954498620802866,108
CU,铜,SHFE,19.04703455222427,78
RU,天然橡胶,SHFE,18.52386069986683,139
I,铁矿石,DCE,16.79979649325447,78
RB,螺纹钢,SHFE,10.895103159479026,78
