code,name,exchange,atm_iv,days
AG,白银,SHFE,46.03844981340724,85
JM,焦煤,DCE,28.265183640543405,54
AU,黄金,SHFE,24.4240128663871,85
CU,铜,SHFE,18.669969543379704,85
RU,天然橡胶,SHFE,18.25679335131129,54
I,铁矿石,DCE,15.992311255675345,85
RB,螺纹钢,SHFE,9.190809572677376,85
