code,name,exchange,skew_25d,atm_iv,put_25d_iv,call_25d_iv,days
AG,白银,SHFE,0.931632236364841,56.36604966513696,55.76265278926292,54.83102055289808,42
AU,黄金,SHFE,0.8782169865479226,29.18090664691696,29.18090664691696,28.302689660369037,103
I,铁矿石,DCE,-1.2606610853337195,18.999844605142098,19.19492343842869,20.45558452376241,134
RU,天然橡胶,SHFE,-1.5267255339122237,19.635200818605814,19.562431878234108,21.08915741214633,134
RB,螺纹钢,SHFE,-3.0174765993902746,10.786194535717703,12.29439464180199,15.311871241192264,73
CU,铜,SHFE,-4.4929246577198505,21.09120746948992,21.156598951415965,25.649523609135816,73
JM,焦煤,DCE,-5.858043739157075,30.04968007847726,27.92150487528459,33.779548614441666,42
