maturity,days,strike,forward,moneyness,option_type,iv,volume,call_iv,put_iv,call_volume,put_volume
2610,88,3300,3088.0,1.0686528497409327,call,13.376699064109559,5823.0,13.376699064109559,14.101676568234877,5823.0,110.0
2610,88,3250,3088.0,1.052461139896373,call,12.29164249984495,534.0,12.29164249984495,10.823123226245842,534.0,632.0
2610,88,3200,3088.0,1.0362694300518134,call,11.343073925324228,4933.0,11.343073925324228,10.25136368367127,4933.0,379.0
2610,88,3150,3088.0,1.020077720207254,call,10.654915470305921,2654.0,10.654915470305921,9.920220957498982,2654.0,1160.0
2610,88,3100,3088.0,1.0038860103626943,call,10.089787279725314,1532.0,10.089787279725314,9.518760551636564,1532.0,1434.0
2610,88,3050,3088.0,0.9876943005181347,put,9.34987077999875,1762.0,9.909152077831514,9.34987077999875,535.0,1762.0
2610,88,3000,3088.0,0.9715025906735751,put,9.491149282027768,3428.0,9.291624711576121,9.491149282027768,168.0,3428.0
2610,88,2950,3088.0,0.9553108808290155,put,10.395858669711584,1036.0,11.21760818872185,10.395858669711584,68.0,1036.0
2610,88,2900,3088.0,0.939119170984456,put,10.926159266481438,1147.0,12.525789744453858,10.926159266481438,198.0,1147.0
2610,88,2850,3088.0,0.9229274611398963,put,12.2433922872808,461.0,,12.2433922872808,0.0,461.0
2610,88,2800,3088.0,0.9067357512953368,put,13.24481914798364,271.0,,13.24481914798364,0.0,271.0
2610,88,2750,3088.0,0.8905440414507773,put,14.512321767091422,83.0,,14.512321767091422,0.0,83.0
2610,88,2700,3088.0,0.8743523316062176,put,15.576734439597628,441.0,,15.576734439597628,0.0,441.0
2610,88,2650,3088.0,0.8581606217616581,put,16.88433579893614,413.0,,16.88433579893614,0.0,413.0
2610,88,2600,3088.0,0.8419689119170984,put,18.07602393404199,973.0,,18.07602393404199,0.0,973.0
2610,88,3650,3088.0,1.1819948186528497,call,19.34976831315805,1266.0,19.34976831315805,,1266.0,0.0
2610,88,3600,3088.0,1.16580310880829,call,18.719192424086213,1350.0,18.719192424086213,,1350.0,0.0
2610,88,3550,3088.0,1.1496113989637307,call,17.933848951988328,212.0,17.933848951988328,,212.0,0.0
2610,88,3500,3088.0,1.133419689119171,call,17.47551947726612,966.0,17.47551947726612,,966.0,0.0
2610,88,3450,3088.0,1.1172279792746114,call,16.367770083390013,388.0,16.367770083390013,,388.0,0.0
2610,88,3400,3088.0,1.1010362694300517,call,15.493423533841069,1726.0,15.493423533841069,,1726.0,0.0
2610,88,3350,3088.0,1.0848445595854923,call,14.405325992897536,627.0,14.405325992897536,,627.0,0.0
