maturity,days,strike,forward,moneyness,option_type,iv,volume,call_iv,put_iv,call_volume,put_volume
2605,59,3250,3063.0,1.061051256937643,call,16.884947420828148,2062.0,16.884947420828148,17.246487394795594,2062.0,236.0
2605,59,3200,3063.0,1.0447273914462945,call,16.220237021937066,8375.0,16.220237021937066,17.46601936402837,8375.0,122.0
2605,59,3150,3063.0,1.0284035259549462,call,15.00345989757457,2693.0,15.00345989757457,14.857531715771344,2693.0,209.0
2605,59,3100,3063.0,1.0120796604635978,call,14.198738553673811,7833.0,14.198738553673811,13.709924644442948,7833.0,1598.0
2605,59,3050,3063.0,0.9957557949722494,put,13.369163393355532,3820.0,14.099162101717925,13.369163393355532,1974.0,3820.0
2605,59,3000,3063.0,0.9794319294809011,put,13.782104093813361,4553.0,13.949096011152228,13.782104093813361,348.0,4553.0
2605,59,2950,3063.0,0.9631080639895527,put,13.761854928539835,1838.0,13.881202157186815,13.761854928539835,85.0,1838.0
2605,59,2900,3063.0,0.9467841984982044,put,14.271032776587536,2487.0,12.568117355334216,14.271032776587536,224.0,2487.0
2605,59,2850,3063.0,0.930460333006856,put,15.191883935990969,1190.0,11.411927371207737,15.191883935990969,206.0,1190.0
2605,59,2800,3063.0,0.9141364675155077,put,16.57771032005012,1326.0,,16.57771032005012,0.0,1326.0
2605,59,2750,3063.0,0.8978126020241594,put,17.817425952997826,4033.0,,17.817425952997826,0.0,4033.0
2605,59,2700,3063.0,0.881488736532811,put,19.414730818676595,294.0,,19.414730818676595,0.0,294.0
2605,59,2650,3063.0,0.8651648710414627,put,20.78975583497758,670.0,,20.78975583497758,0.0,670.0
2605,59,2600,3063.0,0.8488410055501142,put,21.8735101463302,852.0,,21.8735101463302,0.0,852.0
2605,59,2550,3063.0,0.8325171400587659,put,24.042124795572327,642.0,,24.042124795572327,0.0,642.0
2605,59,3550,3063.0,1.158994449885733,call,25.059752664552516,5764.0,25.059752664552516,,5764.0,0.0
2605,59,3500,3063.0,1.1426705843943845,call,22.96749987368664,1474.0,22.96749987368664,,1474.0,0.0
2605,59,3450,3063.0,1.1263467189030363,call,21.599240057416758,741.0,21.599240057416758,,741.0,0.0
2605,59,3400,3063.0,1.1100228534116878,call,20.52618090816629,3119.0,20.52618090816629,,3119.0,0.0
2605,59,3350,3063.0,1.0936989879203396,call,19.400482012506444,841.0,19.400482012506444,,841.0,0.0
2605,59,3300,3063.0,1.0773751224289911,call,18.487186783057872,1845.0,18.487186783057872,,1845.0,0.0
