maturity,days,strike,forward,moneyness,option_type,iv,volume,call_iv,put_iv,call_volume,put_volume
2610,75,3400,3054.0,1.1132940406024885,call,15.93181623569092,1551.0,15.93181623569092,,1551.0,0.0
2610,75,3300,3054.0,1.080550098231827,call,13.899387340110609,3432.0,13.899387340110609,13.424523527427008,3432.0,396.0
2610,75,3250,3054.0,1.0641781270464965,call,12.899645638218486,1486.0,12.899645638218486,12.094436926132985,1486.0,509.0
2610,75,3200,3054.0,1.0478061558611658,call,12.426950386216348,7439.0,12.426950386216348,11.052788254740921,7439.0,1783.0
2610,75,3150,3054.0,1.031434184675835,call,11.413218156606932,9677.0,11.413218156606932,10.094862448993792,9677.0,1322.0
2610,75,3100,3054.0,1.0150622134905043,call,10.579171429887529,6237.0,10.579171429887529,9.479584156984874,6237.0,2982.0
2610,75,3050,3054.0,0.9986902423051736,put,9.555687495080242,4213.0,10.379507229153948,9.555687495080242,1328.0,4213.0
2610,75,3000,3054.0,0.9823182711198428,put,9.949131983480008,5492.0,10.695198222508372,9.949131983480008,633.0,5492.0
2610,75,2950,3054.0,0.9659462999345121,put,10.53354842844772,1470.0,11.599863866389835,10.53354842844772,358.0,1470.0
2610,75,2900,3054.0,0.9495743287491814,put,11.487913553825933,3401.0,12.598010584408797,11.487913553825933,550.0,3401.0
2610,75,2850,3054.0,0.9332023575638507,put,12.319528292174711,1151.0,,12.319528292174711,0.0,1151.0
2610,75,2800,3054.0,0.91683038637852,put,13.875506838750823,820.0,,13.875506838750823,0.0,820.0
2610,75,2750,3054.0,0.9004584151931893,put,15.177497373071189,610.0,,15.177497373071189,0.0,610.0
2610,75,2700,3054.0,0.8840864440078585,put,16.161845759807868,511.0,,16.161845759807868,0.0,511.0
2610,75,2650,3054.0,0.8677144728225278,put,17.20607547417233,980.0,,17.20607547417233,0.0,980.0
2610,75,2600,3054.0,0.8513425016371972,put,17.875581801269185,827.0,19.47056160936128,17.875581801269185,144.0,827.0
2610,75,3650,3054.0,1.1951538965291422,call,19.649430295950022,703.0,19.649430295950022,,703.0,0.0
2610,75,3600,3054.0,1.1787819253438114,call,19.89900550018716,1691.0,19.89900550018716,,1691.0,0.0
2610,75,3550,3054.0,1.1624099541584807,call,18.929814371518628,1168.0,18.929814371518628,,1168.0,0.0
2610,75,3500,3054.0,1.14603798297315,call,18.196931957955954,779.0,18.196931957955954,,779.0,0.0
2610,75,3450,3054.0,1.1296660117878192,call,17.27691071128997,307.0,17.27691071128997,,307.0,0.0
2610,75,3350,3054.0,1.0969220694171578,call,15.153823575816997,793.0,15.153823575816997,,793.0,0.0
