maturity,days,strike,forward,moneyness,option_type,iv,volume,call_iv,put_iv,call_volume,put_volume
2610,64,3300,3076.0,1.0728218465539663,call,13.824014869454635,1938.0,13.824014869454635,14.011480353133503,1938.0,264.0
2610,64,3250,3076.0,1.0565669700910274,call,12.52079470959821,2661.0,12.52079470959821,12.76922789313383,2661.0,370.0
2610,64,3200,3076.0,1.0403120936280885,call,11.652814101223164,4951.0,11.652814101223164,11.66408609462287,4951.0,370.0
2610,64,3150,3076.0,1.0240572171651496,call,10.772177737269917,2595.0,10.772177737269917,10.285891756827523,2595.0,988.0
2610,64,3100,3076.0,1.0078023407022108,call,9.843249791718735,4280.0,9.843249791718735,9.66576370244063,4280.0,2158.0
2610,64,3050,3076.0,0.9915474642392718,put,9.188772456329067,6562.0,9.412687688463869,9.188772456329067,1363.0,6562.0
2610,64,3000,3076.0,0.9752925877763329,put,9.414273561248612,10726.0,9.252066365949773,9.414273561248612,705.0,10726.0
2610,64,2950,3076.0,0.959037711313394,put,9.83917614757081,2740.0,10.344639049590242,9.83917614757081,265.0,2740.0
2610,64,2900,3076.0,0.9427828348504551,put,11.217221216039462,1545.0,11.550005705878052,11.217221216039462,550.0,1545.0
2610,64,2850,3076.0,0.9265279583875162,put,12.802340531410811,790.0,,12.802340531410811,0.0,790.0
2610,64,2800,3076.0,0.9102730819245773,put,14.039931283332669,495.0,,14.039931283332669,0.0,495.0
2610,64,2750,3076.0,0.8940182054616385,put,15.290787740270703,480.0,,15.290787740270703,0.0,480.0
2610,64,2700,3076.0,0.8777633289986996,put,16.78196400316472,1233.0,,16.78196400316472,0.0,1233.0
2610,64,2650,3076.0,0.8615084525357607,put,18.104066703718242,155.0,,18.104066703718242,0.0,155.0
2610,64,2600,3076.0,0.8452535760728218,put,20.061496864283296,2006.0,,20.061496864283296,0.0,2006.0
2610,64,3650,3076.0,1.1866059817945385,call,20.533203553924633,173.0,20.533203553924633,,173.0,0.0
2610,64,3600,3076.0,1.1703511053315996,call,19.154127870390294,751.0,19.154127870390294,,751.0,0.0
2610,64,3550,3076.0,1.1540962288686607,call,18.291685553825975,927.0,18.291685553825975,,927.0,0.0
2610,64,3500,3076.0,1.1378413524057218,call,18.11252579318304,642.0,18.11252579318304,,642.0,0.0
2610,64,3450,3076.0,1.121586475942783,call,17.51160376016261,1670.0,17.51160376016261,,1670.0,0.0
2610,64,3400,3076.0,1.105331599479844,call,15.771442544950443,728.0,15.771442544950443,,728.0,0.0
2610,64,3350,3076.0,1.0890767230169052,call,14.973135000654217,203.0,14.973135000654217,,203.0,0.0
