maturity,days,strike,forward,moneyness,option_type,iv,volume,call_iv,put_iv,call_volume,put_volume
2610,72,3300,3115.0,1.059390048154093,call,12.290125554239902,4749.0,12.290125554239902,13.15768157122684,4749.0,634.0
2610,72,3250,3115.0,1.043338683788122,call,11.269867664916882,2198.0,11.269867664916882,11.813457810542179,2198.0,606.0
2610,72,3200,3115.0,1.0272873194221508,call,10.258337980647044,6016.0,10.258337980647044,10.876546623556935,6016.0,875.0
2610,72,3150,3115.0,1.0112359550561798,call,9.146939869128227,7348.0,9.146939869128227,10.02280054311178,7348.0,898.0
2610,72,3100,3115.0,0.9951845906902087,put,9.605934229350794,2874.0,9.52762271054632,9.605934229350794,2174.0,2874.0
2610,72,3050,3115.0,0.9791332263242376,put,9.686540743486031,2585.0,9.336250200559824,9.686540743486031,447.0,2585.0
2610,72,3000,3115.0,0.9630818619582665,put,10.01679076267514,3850.0,9.493409788815049,10.01679076267514,575.0,3850.0
2610,72,2950,3115.0,0.9470304975922953,put,11.057537366210243,1074.0,10.070842559324259,11.057537366210243,450.0,1074.0
2610,72,2900,3115.0,0.9309791332263242,put,11.699299497235707,1304.0,10.950877121988736,11.699299497235707,869.0,1304.0
2610,72,2850,3115.0,0.9149277688603531,put,12.95197649986282,574.0,,12.95197649986282,0.0,574.0
2610,72,2800,3115.0,0.898876404494382,put,14.225326333753685,828.0,,14.225326333753685,0.0,828.0
2610,72,2750,3115.0,0.8828250401284109,put,15.707917434597887,85.0,,15.707917434597887,0.0,85.0
2610,72,2700,3115.0,0.8667736757624398,put,16.441428343684493,1064.0,,16.441428343684493,0.0,1064.0
2610,72,2650,3115.0,0.8507223113964687,put,18.256901185647138,572.0,,18.256901185647138,0.0,572.0
2610,72,2600,3115.0,0.8346709470304976,put,20.086221860297133,335.0,,20.086221860297133,0.0,335.0
2610,72,3650,3115.0,1.1717495987158908,call,18.687300106606187,679.0,18.687300106606187,,679.0,0.0
2610,72,3600,3115.0,1.1556982343499198,call,18.251041464702386,627.0,18.251041464702386,,627.0,0.0
2610,72,3550,3115.0,1.1396468699839486,call,17.202781722871723,569.0,17.202781722871723,,569.0,0.0
2610,72,3500,3115.0,1.1235955056179776,call,16.665751741707748,607.0,16.665751741707748,,607.0,0.0
2610,72,3450,3115.0,1.1075441412520064,call,15.590063658637519,56.0,15.590063658637519,,56.0,0.0
2610,72,3400,3115.0,1.0914927768860354,call,14.342892591257355,1346.0,14.342892591257355,,1346.0,0.0
2610,72,3350,3115.0,1.0754414125200642,call,13.305760652967738,1028.0,13.305760652967738,,1028.0,0.0
