maturity,days,strike,forward,moneyness,option_type,iv,volume,call_iv,put_iv,call_volume,put_volume
2610,96,3300,3127.0,1.055324592260953,call,12.952586780225793,1992.0,12.952586780225793,12.442138113152797,1992.0,71.0
2610,96,3250,3127.0,1.0393348257115447,call,11.630865921377197,616.0,11.630865921377197,11.498486812686703,616.0,163.0
2610,96,3200,3127.0,1.0233450591621363,call,11.11934658930895,2259.0,11.11934658930895,10.77707756370857,2259.0,370.0
2610,96,3150,3127.0,1.0073552926127278,put,10.49728438079056,698.0,10.552562205042229,10.49728438079056,668.0,698.0
2610,96,3100,3127.0,0.9913655260633195,put,10.277680429794774,1137.0,10.54628608858423,10.277680429794774,614.0,1137.0
2610,96,3050,3127.0,0.9753757595139111,put,9.947243509817259,1289.0,10.305742718822804,9.947243509817259,139.0,1289.0
2610,96,3000,3127.0,0.9593859929645027,put,10.116216233776951,2352.0,,10.116216233776951,0.0,2352.0
2610,96,2950,3127.0,0.9433962264150944,put,10.773144416252233,526.0,,10.773144416252233,0.0,526.0
2610,96,2900,3127.0,0.9274064598656859,put,11.530796411038102,1705.0,,11.530796411038102,0.0,1705.0
2610,96,2850,3127.0,0.9114166933162776,put,12.602626645105113,743.0,,12.602626645105113,0.0,743.0
2610,96,2800,3127.0,0.8954269267668692,put,13.330980991040079,590.0,,13.330980991040079,0.0,590.0
2610,96,2750,3127.0,0.8794371602174609,put,14.718642330597445,61.0,,14.718642330597445,0.0,61.0
2610,96,2700,3127.0,0.8634473936680525,put,15.104299673238696,173.0,,15.104299673238696,0.0,173.0
2610,96,2650,3127.0,0.847457627118644,put,16.71640840623006,495.0,,16.71640840623006,0.0,495.0
2610,96,2600,3127.0,0.8314678605692357,put,17.707017021525722,922.0,,17.707017021525722,0.0,922.0
2610,96,3650,3127.0,1.1672529581068116,call,18.28376522651321,468.0,18.28376522651321,,468.0,0.0
2610,96,3600,3127.0,1.1512631915574032,call,17.518554723137946,1423.0,17.518554723137946,,1423.0,0.0
2610,96,3550,3127.0,1.1352734250079948,call,16.848478824907012,215.0,16.848478824907012,,215.0,0.0
2610,96,3500,3127.0,1.1192836584585866,call,15.617495436092996,731.0,15.617495436092996,,731.0,0.0
2610,96,3450,3127.0,1.1032938919091781,call,15.009696939105169,136.0,15.009696939105169,,136.0,0.0
2610,96,3400,3127.0,1.0873041253597697,call,14.004529954576356,725.0,14.004529954576356,,725.0,0.0
2610,96,3350,3127.0,1.0713143588103613,call,13.06409690319602,483.0,13.06409690319602,,483.0,0.0
