maturity,days,strike,forward,moneyness,option_type,iv,volume,call_iv,put_iv,call_volume,put_volume
2610,85,3250,3062.0,1.061397779229262,call,12.733630470331944,965.0,12.733630470331944,12.354710758826853,965.0,767.0
2610,85,3200,3062.0,1.0450685826257349,call,12.071921924064368,5002.0,12.071921924064368,11.46270618366432,5002.0,437.0
2610,85,3150,3062.0,1.0287393860222076,call,11.050685798416614,2491.0,11.050685798416614,10.2692746366317,2491.0,661.0
2610,85,3100,3062.0,1.0124101894186806,call,10.526616011167343,3569.0,10.526616011167343,9.425807528060263,3569.0,1830.0
2610,85,3050,3062.0,0.9960809928151535,put,9.190809572677376,1987.0,9.88929589818536,9.190809572677376,983.0,1987.0
2610,85,3000,3062.0,0.9797517962116263,put,9.369588713724486,5824.0,9.81824843431757,9.369588713724486,1510.0,5824.0
2610,85,2950,3062.0,0.9634225996080993,put,9.953927535370454,1269.0,10.222013368211561,9.953927535370454,71.0,1269.0
2610,85,2900,3062.0,0.9470934030045721,put,10.541895122225089,991.0,11.415342669972912,10.541895122225089,184.0,991.0
2610,85,2850,3062.0,0.9307642064010451,put,11.48707013112389,694.0,12.347000761057757,11.48707013112389,226.0,694.0
2610,85,2800,3062.0,0.914435009797518,put,12.838947882946458,285.0,,12.838947882946458,0.0,285.0
2610,85,2700,3062.0,0.8817766165904638,put,15.04536964206319,236.0,,15.04536964206319,0.0,236.0
2610,85,2650,3062.0,0.8654474199869366,put,16.40508610526376,127.0,,16.40508610526376,0.0,127.0
2610,85,2600,3062.0,0.8491182233834096,put,17.645807462141452,1419.0,,17.645807462141452,0.0,1419.0
2610,85,3650,3062.0,1.1920313520574788,call,19.258040546581253,742.0,19.258040546581253,,742.0,0.0
2610,85,3600,3062.0,1.1757021554539517,call,19.21483360686029,550.0,19.21483360686029,,550.0,0.0
2610,85,3550,3062.0,1.1593729588504245,call,18.536049255735108,572.0,18.536049255735108,,572.0,0.0
2610,85,3500,3062.0,1.1430437622468974,call,17.697126645611572,431.0,17.697126645611572,,431.0,0.0
2610,85,3450,3062.0,1.1267145656433704,call,17.178636046873134,86.0,17.178636046873134,,86.0,0.0
2610,85,3400,3062.0,1.1103853690398433,call,16.003524737494832,1471.0,16.003524737494832,,1471.0,0.0
2610,85,3350,3062.0,1.094056172436316,call,15.051231307561054,863.0,15.051231307561054,,863.0,0.0
2610,85,3300,3062.0,1.077726975832789,call,14.17592439196066,2292.0,14.17592439196066,,2292.0,0.0
