maturity,days,strike,forward,moneyness,option_type,iv,volume,call_iv,put_iv,call_volume,put_volume
2610,78,3400,3087.0,1.101392938127632,call,14.62605305884005,1363.0,14.62605305884005,13.973875024319673,1363.0,66.0
2610,78,3300,3087.0,1.0689990281827018,call,12.735795394251697,2860.0,12.735795394251697,12.939913187079624,2860.0,471.0
2610,78,3250,3087.0,1.0528020732102366,call,11.68420452957049,1211.0,11.68420452957049,12.05003362152085,1211.0,424.0
2610,78,3200,3087.0,1.0366051182377714,call,11.013020469795489,3400.0,11.013020469795489,11.47632758178439,3400.0,1120.0
2610,78,3150,3087.0,1.0204081632653061,call,10.24109618138969,7059.0,10.24109618138969,10.113708809048582,7059.0,922.0
2610,78,3100,3087.0,1.004211208292841,call,9.821118773467386,3394.0,9.821118773467386,9.74486621297452,3394.0,1609.0
2610,78,3050,3087.0,0.9880142533203757,put,9.763498670734737,2038.0,9.79980041499182,9.763498670734737,602.0,2038.0
2610,78,3000,3087.0,0.9718172983479106,put,9.912980641988382,3614.0,10.121879258095307,9.912980641988382,498.0,3614.0
2610,78,2950,3087.0,0.9556203433754454,put,10.441299893312177,226.0,10.50579220528007,10.441299893312177,224.0,226.0
2610,78,2900,3087.0,0.9394233884029802,put,11.379003610751194,565.0,11.738867154981182,11.379003610751194,478.0,565.0
2610,78,2850,3087.0,0.923226433430515,put,12.258498883864934,402.0,,12.258498883864934,0.0,402.0
2610,78,2800,3087.0,0.9070294784580499,put,13.096114715080203,129.0,,13.096114715080203,0.0,129.0
2610,78,2750,3087.0,0.8908325234855847,put,15.016217581295995,206.0,,15.016217581295995,0.0,206.0
2610,78,2700,3087.0,0.8746355685131195,put,16.050648951586865,131.0,,16.050648951586865,0.0,131.0
2610,78,2650,3087.0,0.8584386135406543,put,16.72594892883335,315.0,,16.72594892883335,0.0,315.0
2610,78,2600,3087.0,0.8422416585681892,put,18.494646296770703,573.0,,18.494646296770703,0.0,573.0
2610,78,3650,3087.0,1.182377712989958,call,18.81847120557821,413.0,18.81847120557821,,413.0,0.0
2610,78,3600,3087.0,1.1661807580174928,call,18.442291575958834,528.0,18.442291575958834,,528.0,0.0
2610,78,3550,3087.0,1.1499838030450276,call,17.81952786191931,555.0,17.81952786191931,,555.0,0.0
2610,78,3500,3087.0,1.1337868480725624,call,16.695662013019003,298.0,16.695662013019003,,298.0,0.0
2610,78,3450,3087.0,1.1175898931000972,call,15.74529739052879,98.0,15.74529739052879,,98.0,0.0
2610,78,3350,3087.0,1.0851959831551667,call,13.739780821792369,1023.0,13.739780821792369,,1023.0,0.0
