maturity,days,strike,forward,moneyness,option_type,iv,volume,call_iv,put_iv,call_volume,put_volume
2610,80,3250,3096.0,1.0497416020671835,call,12.000630497668944,2877.0,12.000630497668944,11.837406934670987,2877.0,898.0
2610,80,3200,3096.0,1.0335917312661498,call,11.126921305868215,8954.0,11.126921305868215,11.036454527761876,8954.0,485.0
2610,80,3150,3096.0,1.0174418604651163,call,10.08059996696033,4894.0,10.08059996696033,9.95049148902583,4894.0,2015.0
2610,80,3100,3096.0,1.0012919896640826,call,9.900375722018682,5178.0,9.900375722018682,9.556394742471971,5178.0,4104.0
2610,80,3050,3096.0,0.9851421188630491,put,9.427617361946185,3294.0,9.936805325752987,9.427617361946185,1779.0,3294.0
2610,80,3000,3096.0,0.9689922480620154,put,9.5019778696124,5039.0,10.17731380095849,9.5019778696124,860.0,5039.0
2610,80,2950,3096.0,0.9528423772609819,put,10.290416151038961,1128.0,10.522837695797914,10.290416151038961,433.0,1128.0
2610,80,2900,3096.0,0.9366925064599483,put,11.02264259620846,1525.0,11.627056441554794,11.02264259620846,584.0,1525.0
2610,80,2850,3096.0,0.9205426356589147,put,11.91247457042168,1014.0,12.602719901915957,11.91247457042168,937.0,1014.0
2610,80,2800,3096.0,0.9043927648578811,put,13.232865835929791,402.0,,13.232865835929791,0.0,402.0
2610,80,2750,3096.0,0.8882428940568475,put,14.311349616154212,876.0,,14.311349616154212,0.0,876.0
2610,80,2700,3096.0,0.872093023255814,put,15.619134972216994,583.0,,15.619134972216994,0.0,583.0
2610,80,2650,3096.0,0.8559431524547804,put,16.046523633505828,274.0,,16.046523633505828,0.0,274.0
2610,80,2600,3096.0,0.8397932816537468,put,17.73086496202036,1120.0,,17.73086496202036,0.0,1120.0
2610,80,3650,3096.0,1.1789405684754521,call,18.79112409226138,989.0,18.79112409226138,,989.0,0.0
2610,80,3600,3096.0,1.1627906976744187,call,18.315023673272506,1874.0,18.315023673272506,,1874.0,0.0
2610,80,3550,3096.0,1.146640826873385,call,17.62523049203229,548.0,17.62523049203229,,548.0,0.0
2610,80,3500,3096.0,1.1304909560723515,call,17.02957843051602,747.0,17.02957843051602,,747.0,0.0
2610,80,3450,3096.0,1.1143410852713178,call,15.967480481372343,683.0,15.967480481372343,,683.0,0.0
2610,80,3400,3096.0,1.0981912144702843,call,14.962289692355402,1315.0,14.962289692355402,,1315.0,0.0
2610,80,3350,3096.0,1.0820413436692506,call,14.271927770012152,1244.0,14.271927770012152,,1244.0,0.0
2610,80,3300,3096.0,1.065891472868217,call,13.379104956504776,4781.0,13.379104956504776,,4781.0,0.0
