maturity,days,strike,forward,moneyness,option_type,iv,volume,call_iv,put_iv,call_volume,put_volume
2610,67,3300,3095.0,1.0662358642972536,call,13.532748158701855,4740.0,13.532748158701855,13.340627156692806,4740.0,696.0
2610,67,3250,3095.0,1.050080775444265,call,12.332538730487046,1830.0,12.332538730487046,13.3532178205268,1830.0,635.0
2610,67,3200,3095.0,1.0339256865912763,call,11.63687373499822,5860.0,11.63687373499822,12.324816871702078,5860.0,954.0
2610,67,3150,3095.0,1.0177705977382876,call,10.6776351037681,5827.0,10.6776351037681,10.931037663202265,5827.0,2788.0
2610,67,3100,3095.0,1.001615508885299,call,9.953302727671971,4750.0,9.953302727671971,9.957650696178282,4750.0,3095.0
2610,67,3050,3095.0,0.9854604200323102,put,9.71570131570506,6840.0,9.34964168200738,9.71570131570506,1297.0,6840.0
2610,67,3000,3095.0,0.9693053311793215,put,9.56456961172819,10400.0,9.287762520057875,9.56456961172819,2529.0,10400.0
2610,67,2950,3095.0,0.9531502423263328,put,10.529893714713115,3543.0,11.559983504413559,10.529893714713115,625.0,3543.0
2610,67,2900,3095.0,0.9369951534733441,put,11.776991248691731,2017.0,9.878595950142984,11.776991248691731,1478.0,2017.0
2610,67,2850,3095.0,0.9208400646203554,put,12.670197502239159,1467.0,,12.670197502239159,0.0,1467.0
2610,67,2800,3095.0,0.9046849757673667,put,14.03538738245036,865.0,,14.03538738245036,0.0,865.0
2610,67,2750,3095.0,0.8885298869143781,put,15.601389238265359,627.0,,15.601389238265359,0.0,627.0
2610,67,2700,3095.0,0.8723747980613893,put,17.031781068960147,582.0,,17.031781068960147,0.0,582.0
2610,67,2650,3095.0,0.8562197092084006,put,18.97703734587179,545.0,,18.97703734587179,0.0,545.0
2610,67,2600,3095.0,0.840064620355412,put,20.202353541063626,690.0,,20.202353541063626,0.0,690.0
2610,67,3650,3095.0,1.1793214862681745,call,20.03568581653994,2637.0,20.03568581653994,,2637.0,0.0
2610,67,3600,3095.0,1.1631663974151858,call,19.154999949849575,1324.0,19.154999949849575,,1324.0,0.0
2610,67,3550,3095.0,1.1470113085621971,call,18.143775872192183,1314.0,18.143775872192183,,1314.0,0.0
2610,67,3500,3095.0,1.1308562197092085,call,18.035520848788185,1131.0,18.035520848788185,,1131.0,0.0
2610,67,3450,3095.0,1.1147011308562198,call,16.67262296948621,556.0,16.67262296948621,,556.0,0.0
2610,67,3400,3095.0,1.098546042003231,call,15.69552157086854,1515.0,15.69552157086854,,1515.0,0.0
2610,67,3350,3095.0,1.0823909531502423,call,14.472546250480537,2381.0,14.472546250480537,,2381.0,0.0
