maturity,days,strike,forward,moneyness,option_type,iv,volume,call_iv,put_iv,call_volume,put_volume
2610,87,3400,3067.0,1.1085751548744702,call,15.631589832972296,2419.0,15.631589832972296,14.78317153913914,2419.0,94.0
2610,87,3300,3067.0,1.075970003260515,call,13.799865026362449,2380.0,13.799865026362449,12.179215404563791,2380.0,70.0
2610,87,3250,3067.0,1.0596674274535376,call,12.617289419473945,1474.0,12.617289419473945,12.382773170949154,1474.0,745.0
2610,87,3200,3067.0,1.0433648516465601,call,11.785939814633645,5448.0,11.785939814633645,11.19068450611207,5448.0,221.0
2610,87,3150,3067.0,1.0270622758395827,call,10.913885396973358,3199.0,10.913885396973358,10.628929285222293,3199.0,986.0
2610,87,3100,3067.0,1.0107597000326052,call,10.219397241530007,3721.0,10.219397241530007,9.824010888013012,3721.0,1664.0
2610,87,3050,3067.0,0.9944571242256276,put,9.550247518649607,2912.0,9.822562154850942,9.550247518649607,915.0,2912.0
2610,87,3000,3067.0,0.9781545484186501,put,9.652707021480841,6613.0,10.106326390597618,9.652707021480841,194.0,6613.0
2610,87,2950,3067.0,0.9618519726116727,put,10.082817607993885,1562.0,11.04097496770343,10.082817607993885,124.0,1562.0
2610,87,2900,3067.0,0.9455493968046952,put,10.782409288450069,798.0,11.656897167254984,10.782409288450069,149.0,798.0
2610,87,2850,3067.0,0.9292468209977176,put,12.12850575224991,853.0,,12.12850575224991,0.0,853.0
2610,87,2800,3067.0,0.9129442451907401,put,13.112323572710096,1341.0,,13.112323572710096,0.0,1341.0
2610,87,2750,3067.0,0.8966416693837627,put,14.233144310966534,333.0,,14.233144310966534,0.0,333.0
2610,87,2700,3067.0,0.8803390935767851,put,15.416490569296062,734.0,,15.416490569296062,0.0,734.0
2610,87,2650,3067.0,0.8640365177698076,put,16.36395534499121,652.0,,16.36395534499121,0.0,652.0
2610,87,2600,3067.0,0.8477339419628301,put,17.584872230452365,1121.0,,17.584872230452365,0.0,1121.0
2610,87,3650,3067.0,1.1900880339093576,call,18.886274457476045,1002.0,18.886274457476045,,1002.0,0.0
2610,87,3600,3067.0,1.17378545810238,call,18.834683788718763,2097.0,18.834683788718763,,2097.0,0.0
2610,87,3550,3067.0,1.1574828822954026,call,18.157637357887165,372.0,18.157637357887165,,372.0,0.0
2610,87,3500,3067.0,1.1411803064884252,call,17.58444276056445,362.0,17.58444276056445,,362.0,0.0
2610,87,3450,3067.0,1.1248777306814477,call,16.79998105634086,148.0,16.79998105634086,,148.0,0.0
2610,87,3350,3067.0,1.0922725790674928,call,15.017957048750782,1122.0,15.017957048750782,,1122.0,0.0
