maturity,days,strike,forward,moneyness,option_type,iv,volume,call_iv,put_iv,call_volume,put_volume
2610,66,3300,3083.0,1.0703859876743431,call,13.100052057952254,2923.0,13.100052057952254,12.690658102675076,2923.0,739.0
2610,66,3250,3083.0,1.0541680181641258,call,12.141494655881493,1644.0,12.141494655881493,11.57645354205257,1644.0,564.0
2610,66,3200,3083.0,1.0379500486539086,call,11.461934453523517,5349.0,11.461934453523517,10.826862535501283,5349.0,4462.0
2610,66,3150,3083.0,1.0217320791436912,call,10.244779753549576,8490.0,10.244779753549576,9.770181004093478,8490.0,10607.0
2610,66,3100,3083.0,1.0055141096334739,call,9.965459733299241,3689.0,9.965459733299241,9.400385646939737,3689.0,2727.0
2610,66,3050,3083.0,0.9892961401232566,put,9.098505795798285,6926.0,9.62915441157031,9.098505795798285,993.0,6926.0
2610,66,3000,3083.0,0.9730781706130393,put,9.571598201473371,4595.0,10.024016971951696,9.571598201473371,934.0,4595.0
2610,66,2950,3083.0,0.9568602011028219,put,10.36114894595508,1576.0,10.230642085459268,10.36114894595508,920.0,1576.0
2610,66,2900,3083.0,0.9406422315926046,put,11.5683950979993,1567.0,12.316049454892546,11.5683950979993,1186.0,1567.0
2610,66,2850,3083.0,0.9244242620823873,put,12.602583298504374,624.0,,12.602583298504374,0.0,624.0
2610,66,2800,3083.0,0.90820629257217,put,14.086416808682205,938.0,,14.086416808682205,0.0,938.0
2610,66,2750,3083.0,0.8919883230619526,put,15.757421155089238,321.0,,15.757421155089238,0.0,321.0
2610,66,2700,3083.0,0.8757703535517353,put,16.760650081331026,964.0,,16.760650081331026,0.0,964.0
2610,66,2650,3083.0,0.859552384041518,put,19.323457823752523,403.0,,19.323457823752523,0.0,403.0
2610,66,2600,3083.0,0.8433344145313006,put,19.12222248205105,6249.0,,19.12222248205105,0.0,6249.0
2610,66,3650,3083.0,1.1839117742458645,call,19.990204165119447,1632.0,19.990204165119447,,1632.0,0.0
2610,66,3600,3083.0,1.167693804735647,call,19.199784723764072,1372.0,19.199784723764072,,1372.0,0.0
2610,66,3550,3083.0,1.1514758352254297,call,18.26013457809171,976.0,18.26013457809171,,976.0,0.0
2610,66,3500,3083.0,1.1352578657152124,call,17.948694319223765,851.0,17.948694319223765,,851.0,0.0
2610,66,3450,3083.0,1.1190398962049952,call,16.65904983824527,504.0,16.65904983824527,,504.0,0.0
2610,66,3400,3083.0,1.1028219266947779,call,15.532781705589677,1013.0,15.532781705589677,,1013.0,0.0
2610,66,3350,3083.0,1.0866039571845605,call,14.446659652505508,1470.0,14.446659652505508,,1470.0,0.0
