maturity,days,strike,forward,moneyness,option_type,iv,volume,call_iv,put_iv,call_volume,put_volume
2609,127,17000,17065.0,0.9961910342806914,call,22.349753037274404,343.0,22.349753037274404,20.771319927746585,343.0,286.0
2609,127,16750,17065.0,0.9815411661295048,put,21.180713009504522,235.0,20.993900334238273,21.180713009504522,58.0,235.0
2609,127,16500,17065.0,0.9668912979783182,put,19.889869366649233,200.0,,19.889869366649233,0.0,200.0
2609,127,16250,17065.0,0.9522414298271316,put,20.040448043777058,57.0,,20.040448043777058,0.0,57.0
2609,127,16000,17065.0,0.9375915616759449,put,20.56857478063623,393.0,,20.56857478063623,0.0,393.0
2609,127,15750,17065.0,0.9229416935247583,put,20.354789619410237,211.0,,20.354789619410237,0.0,211.0
2609,127,15500,17065.0,0.9082918253735717,put,20.062764746855827,89.0,,20.062764746855827,0.0,89.0
2609,127,15000,17065.0,0.8789920890711984,put,20.81210304501456,464.0,,20.81210304501456,0.0,464.0
2609,127,14000,17065.0,0.8203926164664518,put,22.273631635231148,98.0,,22.273631635231148,0.0,98.0
2609,127,13750,17065.0,0.8057427483152652,put,22.72619974391207,71.0,,22.72619974391207,0.0,71.0
2609,127,19500,17065.0,1.142689715792558,call,25.135168821109882,1579.0,25.135168821109882,,1579.0,0.0
2609,127,19250,17065.0,1.1280398476413713,call,24.21107636669202,88.0,24.21107636669202,,88.0,0.0
2609,127,19000,17065.0,1.1133899794901845,call,23.518679700187757,334.0,23.518679700187757,,334.0,0.0
2609,127,18500,17065.0,1.0840902431878112,call,22.977542899943842,86.0,22.977542899943842,,86.0,0.0
2609,127,18250,17065.0,1.0694403750366246,call,22.842907830296653,93.0,22.842907830296653,,93.0,0.0
2609,127,18000,17065.0,1.054790506885438,call,22.784024053818044,1400.0,22.784024053818044,,1400.0,0.0
2609,127,17750,17065.0,1.0401406387342513,call,22.260311229746456,184.0,22.260311229746456,,184.0,0.0
2609,127,17500,17065.0,1.0254907705830647,call,22.26981472767004,262.0,22.26981472767004,,262.0,0.0
2609,127,17250,17065.0,1.010840902431878,call,21.992810247754964,58.0,21.992810247754964,,58.0,0.0
