maturity,days,strike,forward,moneyness,option_type,iv,volume,call_iv,put_iv,call_volume,put_volume
2609,97,17750,17345.0,1.0233496684923609,call,20.246991954237913,128.0,20.246991954237913,20.638476036563297,128.0,140.0
2609,97,17500,17345.0,1.0089362928797925,call,20.07851460686209,435.0,20.07851460686209,19.966310823546486,435.0,353.0
2609,97,17250,17345.0,0.994522917267224,put,19.82203473244393,368.0,19.783133534926918,19.82203473244393,193.0,368.0
2609,97,17000,17345.0,0.9801095416546555,put,19.323099162971978,1079.0,19.59345866622938,19.323099162971978,117.0,1079.0
2609,97,16750,17345.0,0.9656961660420871,put,19.07784803265777,185.0,,19.07784803265777,0.0,185.0
2609,97,16500,17345.0,0.9512827904295186,put,18.789244678925897,919.0,18.974139514438836,18.789244678925897,137.0,919.0
2609,97,16250,17345.0,0.9368694148169501,put,18.668746668522914,50.0,,18.668746668522914,0.0,50.0
2609,97,16000,17345.0,0.9224560392043817,put,19.508599596529802,1556.0,,19.508599596529802,0.0,1556.0
2609,97,15500,17345.0,0.8936292879792448,put,19.322526540831532,109.0,,19.322526540831532,0.0,109.0
2609,97,15000,17345.0,0.8648025367541078,put,20.13418578856475,720.0,,20.13418578856475,0.0,720.0
2609,97,14750,17345.0,0.8503891611415394,put,20.245445399651025,88.0,,20.245445399651025,0.0,88.0
2609,97,14500,17345.0,0.8359757855289709,put,21.030748050494072,172.0,,21.030748050494072,0.0,172.0
2609,97,14250,17345.0,0.8215624099164024,put,21.591363145374675,113.0,,21.591363145374675,0.0,113.0
2609,97,14000,17345.0,0.807149034303834,put,22.54897590829989,163.0,,22.54897590829989,0.0,163.0
2609,97,20750,17345.0,1.1963101758431824,call,25.418413795845012,448.0,25.418413795845012,,448.0,0.0
2609,97,20500,17345.0,1.181896800230614,call,25.089166272249415,287.0,25.089166272249415,,287.0,0.0
2609,97,20000,17345.0,1.153070049005477,call,24.866303855720027,1274.0,24.866303855720027,,1274.0,0.0
2609,97,19750,17345.0,1.1386566733929087,call,23.71762760784764,395.0,23.71762760784764,,395.0,0.0
2609,97,19500,17345.0,1.12424329778034,call,24.206481710515053,2442.0,24.206481710515053,,2442.0,0.0
2609,97,19000,17345.0,1.0954165465552033,call,22.881281987058937,914.0,22.881281987058937,,914.0,0.0
2609,97,18500,17345.0,1.0665897953300663,call,21.74495741061862,256.0,21.74495741061862,,256.0,0.0
2609,97,18250,17345.0,1.0521764197174979,call,21.175511228821076,249.0,21.175511228821076,,249.0,0.0
2609,97,18000,17345.0,1.0377630441049295,call,21.838348774783924,3125.0,21.838348774783924,,3125.0,0.0
