maturity,days,strike,forward,moneyness,option_type,iv,volume,call_iv,put_iv,call_volume,put_volume
2605,58,17250,17155.0,1.0055377440979307,call,22.767333106608582,277.0,22.767333106608582,23.627690670039282,277.0,55.0
2605,58,17000,17155.0,0.9909647333139027,call,23.030448701794906,1447.0,23.030448701794906,23.007595137276414,1447.0,378.0
2605,58,16750,17155.0,0.9763917225298747,put,22.01409137389625,192.0,21.262837706805353,22.01409137389625,228.0,192.0
2605,58,16500,17155.0,0.9618187117458467,put,21.593373478647273,797.0,21.61820330958276,21.593373478647273,398.0,797.0
2605,58,16250,17155.0,0.9472457009618187,put,21.45889248716087,310.0,20.83475835557977,21.45889248716087,64.0,310.0
2605,58,16000,17155.0,0.9326726901777908,put,21.923202595319157,1388.0,,21.923202595319157,0.0,1388.0
2605,58,15750,17155.0,0.9180996793937628,put,21.341144208600586,88.0,,21.341144208600586,0.0,88.0
2605,58,15500,17155.0,0.9035266686097347,put,22.28524702168195,290.0,,22.28524702168195,0.0,290.0
2605,58,15000,17155.0,0.8743806470416788,put,23.612172353366905,421.0,,23.612172353366905,0.0,421.0
2605,58,14750,17155.0,0.8598076362576508,put,23.71999851576205,135.0,,23.71999851576205,0.0,135.0
2605,58,14500,17155.0,0.8452346254736228,put,24.39562019364056,135.0,,24.39562019364056,0.0,135.0
2605,58,14250,17155.0,0.8306616146895949,put,25.018107089592196,76.0,,25.018107089592196,0.0,76.0
2605,58,14000,17155.0,0.8160886039055669,put,27.259514645600312,201.0,,27.259514645600312,0.0,201.0
2605,58,13750,17155.0,0.8015155931215389,put,27.946095701459768,57.0,,27.946095701459768,0.0,57.0
2605,58,19750,17155.0,1.1512678519382105,call,29.191896248729464,2122.0,29.191896248729464,,2122.0,0.0
2605,58,19000,17155.0,1.1075488195861265,call,27.74134018047573,645.0,27.74134018047573,,645.0,0.0
2605,58,18500,17155.0,1.0784027980180706,call,26.266823722086407,898.0,26.266823722086407,,898.0,0.0
2605,58,18250,17155.0,1.0638297872340425,call,25.770050503558394,2055.0,25.770050503558394,,2055.0,0.0
2605,58,18000,17155.0,1.0492567764500145,call,26.03326392001429,4923.0,26.03326392001429,,4923.0,0.0
2605,58,17750,17155.0,1.0346837656659866,call,24.172142942844356,182.0,24.172142942844356,,182.0,0.0
2605,58,17500,17155.0,1.0201107548819586,call,24.080184542913763,648.0,24.080184542913763,,648.0,0.0
